timestamp,raw_x,raw_y,x,y,vx,vy,sigma_x,sigma_y,cov_xy,nis_before_gate,gate_score,r_scale,accepted,status,age_s,stale,segment,offline_x,offline_y
0.0,0.3743849955178295,-0.07575520029088942,0.3743849955178295,-0.07575520029088942,0.0,0.0,0.3,0.3,0.0,nan,nan,1.0,True,initialized,0.0,False,0,0.09590905201653893,-0.222774691093843
0.09694392198760263,0.17883435082819943,-0.6531832631994381,0.18650390669451852,-0.6305363586377761,-1.858992284618709,-5.489290590542564,0.2940581108866713,0.2940581108866713,0.0,0.16196383140063467,0.34097543346132914,1.0,True,accepted,0.0,False,0,0.13923127797112417,-0.12482581446675411
0.21487381798317176,-0.19221229185452693,0.06650690884918299,-0.16921898819908734,-0.12731691601807293,-2.610776877558305,0.847935562922931,0.27753294748005675,0.27753294748005675,0.0,2.9360314089832356,2.9360314089832356,1.0,True,accepted,0.0,False,0,0.1940417350240595,-0.005371758289869716
0.32474221943614,-0.08788468190245308,0.44789670281997684,-0.1958151040920328,0.30658363247263987,-1.5903621881586942,2.183962327770563,0.2522233226443965,0.2522233226443965,0.0,1.1984189020692977,1.1984189020692977,1.0,True,accepted,0.0,False,0,0.24906873952157782,0.10396857481699248
0.40445108683052244,0.8902794300622469,-0.06223671849666229,0.2412602388888167,0.22827773144264735,0.2742192541420969,1.3493370047540207,0.24626059387559773,0.24626059387559773,0.0,8.684289445489986,8.684289445489986,1.4494435170582467,True,downweighted,0.0,False,0,0.29126202808869867,0.18088658392054613
0.5282322044123602,0.12883352332044884,0.4499437408717338,0.1897708875101674,0.42719428646014945,0.0506744476962086,1.432791917036643,0.22919597973824354,0.22919597973824354,0.0,0.1129167344415643,0.1129167344415643,1.0,True,accepted,0.0,False,0,0.3588363206019988,0.2957669193322614
0.6412891895118779,0.9446074681494606,0.09319516944855594,0.5725060603987214,0.33956459869509037,0.9004026127114377,0.8701844163153798,0.21282535213080994,0.21282535213080994,0.0,4.454886640857009,4.454886640857009,1.0,True,accepted,0.0,False,0,0.42217341956146237,0.39512978762233036
0.7555924047757255,0.6179922451368244,1.0874393681252719,0.6494964751753951,0.7317596920429781,0.8476299580946167,1.465982525875058,0.20157200501336897,0.20157200501336897,0.0,2.582617717042783,2.582617717042783,1.0,True,accepted,0.0,False,0,0.4869842495150286,0.48970641914088797
0.8369980864095028,0.10609813751418412,0.21427302490886285,0.48288680546254126,0.6060900063873484,0.3868349775442893,0.9868086182765081,0.1860809363184775,0.1860809363184775,0.0,5.336274428430074,5.336274428430074,1.0,True,accepted,0.0,False,0,0.5346186196853426,0.5527263336987831
0.9345173833042812,0.544361138783371,0.5110490364659732,0.5291572579599836,0.6334931940665429,0.4031861127737539,0.8551250696982362,0.17996223346472442,0.17996223346472442,0.0,0.2642384987041935,0.2642384987041935,1.0,True,accepted,0.0,False,0,0.5948344651357589,0.624036045710328
1.0280572845159104,0.9821054913992988,0.8052117159071116,0.7080297419621342,0.744665107198036,0.6714179190622982,0.9143806815209976,0.17491545451461574,0.17491545451461574,0.0,1.326217662902301,1.326217662902301,1.0,True,accepted,0.0,False,0,0.6560603865354744,0.6881736967940758
1.1493955339583404,0.2924547312521014,0.9717320469077185,0.615164544170323,0.8963417213896476,0.3428469766558289,0.9911402633874478,0.17767031125670574,0.17767031125670574,0.0,1.8795001956000053,1.8795001956000053,1.0,True,accepted,0.0,False,0,0.7407823349692059,0.7644670455385407
1.2565887899623736,0.7280575074556164,1.2734257229962767,0.6781651401820614,1.0959565592257983,0.3920282942994199,1.1660801949301358,0.17614534133088938,0.17614534133088938,0.0,0.5762748522947592,0.5762748522947592,1.0,True,accepted,0.0,False,0,0.8218313432196251,0.825378026579565
1.372726870625915,0.7956232636596684,0.7795960124843763,0.7487324835552146,1.0741187208445968,0.43872257323289077,0.8727917176265306,0.17699839466700762,0.17699839466700762,0.0,1.515936485047471,1.515936485047471,1.0,True,accepted,0.0,False,0,0.9153647892268846,0.8864001947812776
1.4698975805672816,1.7885392166491,-4.672118543717936,0.7913634674635578,1.1589285116773116,0.43872257323289077,0.8727917176265306,0.212416776567321,0.212416776567321,0.0,258.9937797365042,258.9937797365042,1.0,False,rejected,0.09717070994136656,False,0,0.9965649095588437,0.9368723153939409
1.5562595166565205,1.248434878559727,0.5889562527307157,1.0001635799717243,0.9711798748940762,0.7456459533240933,0.4002708634952657,0.19156004555880357,0.19156004555880357,0.0,3.8970924570831125,3.8970924570831125,1.0,True,accepted,0.0,False,0,1.069408507152545,0.9837171833255529
1.6589887560073122,1.3480079097635476,0.8528689175814403,1.1773872570942456,0.953155240257932,0.9247116471070743,0.29502076823384454,0.1827222771784694,0.1827222771784694,0.0,0.691873801748986,0.691873801748986,1.0,True,accepted,0.0,False,0,1.155092254732874,1.044212036163959
1.737179618812521,1.3123128709756182,0.7877268245440237,1.270326835655352,0.9141083382983276,0.9619445909309394,0.18294646147695648,0.1722135981364663,0.1722135981364663,0.0,0.2939076281761254,0.2939076281761254,1.0,True,accepted,0.0,False,0,1.2188843849390538,1.0943275378917434
1.85356117741215,7.089643419682824,4.977528668874321,1.3822794464343775,0.9353999326253027,0.9619445909309394,0.18294646147695648,0.21337988729470883,0.21337988729470883,0.0,360.8976307717907,360.8976307717907,1.0,False,rejected,0.11638155859962906,False,0,1.3113839000323284,1.1748789730075158
1.9601443973682535,1.0135356107317781,1.5739673435310377,1.283780404070537,1.2189698729440401,0.6079842906898651,0.6479138331749703,0.19593509323694927,0.19593509323694927,0.0,3.856958250041032,3.856958250041032,1.0,True,accepted,0.0,False,0,1.3940038953019864,1.2527151942609078
2.073048784372522,1.5497413077641284,1.2475808112771858,1.4290635175267792,1.274822052448875,0.7416359251862141,0.6177439369484593,0.1869666655266276,0.1869666655266276,0.0,0.27805687749004393,0.27805687749004393,1.0,True,accepted,0.0,False,0,1.4794686986457475,1.3370473415892332
2.1657750827790156,1.9772165924638687,1.3578875647476352,1.6657034467768121,1.3411323496777023,1.0386579359142742,0.6337197239711105,0.1775280861014063,0.1775280861014063,0.0,1.664071293312709,1.664071293312709,1.0,True,accepted,0.0,False,0,1.5468333053491323,1.407170462773225
2.289309983998761,1.6372808046339251,1.647288896924312,1.7385875096900858,1.5000018446455683,0.9384955651374677,0.7793430598874064,0.17840184015141686,0.17840184015141686,0.0,0.5493380645336972,0.5493380645336972,1.0,True,accepted,0.0,False,0,1.6314070979109117,1.500792719563143
2.408966040064871,1.5244999022492423,1.7807721669375076,1.7352893141370478,1.6596675573773505,0.7273238124540704,0.9006673352853983,0.178536049808554,0.178536049808554,0.0,1.0167505501960432,1.0167505501960432,1.0,True,accepted,0.0,False,0,1.709070688449092,1.590355313512333
2.522885214918559,1.6288202480412415,1.5840096525419387,1.7517936096058113,1.6997965510168276,0.6052806893556619,0.7857563128983751,0.17760022493915426,0.17760022493915426,0.0,0.48802516985412997,0.48802516985412997,1.0,True,accepted,0.0,False,0,1.7806904851482772,1.6743444491539543
2.6076171503111576,2.255787747372001,1.4451301157544105,1.9499622279709352,1.662146486689327,0.8787191253655657,0.5917220898119485,0.17088215152374137,0.17088215152374137,0.0,2.3129439981702378,2.3129439981702378,1.0,True,accepted,0.0,False,0,1.8327009698726309,1.7365540747795278
2.7059532004975093,1.1903945528211932,2.2974757742360055,1.8143825365879236,1.8717794714748026,0.4586219181748781,0.8783202816903316,0.17673540758154005,0.17673540758154005,0.0,7.9243572377375955,7.9243572377375955,1.3226077155981175,True,downweighted,0.0,False,0,1.891617998600294,1.8086473838905208
2.7831433887868706,2.731616754772542,1.7365631616231039,2.123220104590915,1.8766271346330592,0.978376243421897,0.7586633839058468,0.17004089226787825,0.17004089226787825,0.0,6.207649932212107,6.207649932212107,1.0360822272091181,True,downweighted,0.0,False,0,1.937307739487091,1.8647280840518052
2.865857863390248,1.4419329544006212,1.8113851590934484,1.9707067879537674,1.9001793636815802,0.5294774377670075,0.6832821720163555,0.1660236502991551,0.1660236502991551,0.0,4.604482966034418,4.604482966034418,1.0,True,accepted,0.0,False,0,1.9857379091674163,1.9244700993886463
2.9750103110523707,2.0109298416155355,1.9076144456513568,2.022896183755924,1.95334408891806,0.5186242639727643,0.641806526401383,0.16942979097508268,0.16942979097508268,0.0,0.03645397869569261,0.03645397869569261,1.0,True,accepted,0.0,False,0,2.050372861564841,2.0028159228691442
3.0872484188477616,1.8383040413929939,2.198812824982506,2.000854294095899,2.082702884945019,0.36406257360893557,0.7522102218852478,0.1724731738204468,0.1724731738204468,0.0,0.6622757368654537,0.6622757368654537,1.0,True,accepted,0.0,False,0,2.1180025633279183,2.082121830561971
3.210623905469472,2.4122354349672803,1.6412677011536967,2.1729961406177267,1.9900354334784962,0.6054250077251278,0.40034733479570817,0.17676332079658275,0.17676332079658275,0.0,3.0444251191199605,3.0444251191199605,1.0,True,accepted,0.0,False,0,2.1927980770040767,2.1664384358781064
3.3019151733763796,2.525417126888963,2.752052481997819,2.3261606967885524,2.2655848460128074,0.7903113073481081,0.8517315187755379,0.1721915807308209,0.1721915807308209,0.0,4.579181660637752,4.579181660637752,1.0,True,accepted,0.0,False,0,2.246908319978711,2.2260028787519364
3.395438158678123,2.4292185658185077,2.081784090139316,2.409395725171657,2.2609696743556618,0.8079943756805263,0.691888084308678,0.16967073147953754,0.16967073147953754,0.0,0.5309498468523987,0.5309498468523987,1.0,True,accepted,0.0,False,0,2.3006612447946515,2.2825907111104
3.4939159492419134,2.3999613011392777,2.4155801776067123,2.460657387653144,2.3566087601751087,0.7539691626741403,0.7443781799807119,0.16918818417681739,0.16918818417681739,0.0,0.11668596626201527,0.11668596626201527,1.0,True,accepted,0.0,False,0,2.3561428356346816,2.3363920945073193
3.5783895171961277,1.9787873860838254,2.3205209175291333,2.357557038576886,2.3892321310257083,0.43301185541234777,0.686154492002027,0.1658768857526259,0.1658768857526259,0.0,2.371577425632176,2.371577425632176,1.0,True,accepted,0.0,False,0,2.4039271465992487,2.3769219965130644
3.6598855924629015,2.4340794244529222,2.863450270052023,2.4050367945471876,2.5688239359145646,0.45674404064306795,0.9269084030043367,0.16312292515367321,0.16312292515367321,0.0,1.382661162877152,1.382661162877152,1.0,True,accepted,0.0,False,0,2.4510753530156277,2.4103918498206416
3.758670838774198,2.56316146556374,2.854222634512384,2.4844767471372737,2.7192573980135513,0.5240946045709487,1.042432547598577,0.16532871102466531,0.16532871102466531,0.0,0.3894733578902729,0.3894733578902729,1.0,True,accepted,0.0,False,0,2.5095149422851937,2.442913148933062
3.8450163062267424,2.34010117334141,2.56806922296847,2.472966392579135,2.737066571001078,0.41229638907051847,0.9002312849750916,0.16413602474304512,0.16413602474304512,0.0,0.7328533968828059,0.7328533968828059,1.0,True,accepted,0.0,False,0,2.5613854732359886,2.4649253910122693
3.9535070059608683,2.8367600493557292,2.1775093804470878,2.618234221020559,2.6276407024507002,0.6095934165273614,0.49382819535807193,0.1684018494959712,0.1684018494959712,0.0,4.061784975166908,4.061784975166908,1.0,True,accepted,0.0,False,0,2.6270010849086964,2.487347080628623
4.0503646019044846,2.856007755086956,2.8419475924926583,2.7336949492174756,2.728020682076008,0.719581356976212,0.5962752461746429,0.16854958685635568,0.16854958685635568,0.0,0.45363359446008356,0.45363359446008356,1.0,True,accepted,0.0,False,0,2.6848728787337506,2.505974454083085
4.1669985117073765,2.779625397481546,2.0169532452477714,2.8049953295157883,2.5381532158663167,0.6952710844732457,0.09684492459659583,0.17294159230356146,0.17294159230356146,0.0,4.531329333002954,4.531329333002954,1.0,True,accepted,0.0,False,0,2.753193554773117,2.53061596743811
4.2770117668074885,2.9407527633818877,2.295722017078575,2.901440585454527,2.4635912264182878,0.7332070071585927,-0.06514745747210379,0.17407997180191365,0.17407997180191365,0.0,0.49794688763945166,0.49794688763945166,1.0,True,accepted,0.0,False,0,2.8169461258274753,2.5606744260382532
4.367630098876591,2.899982877622046,2.575149000977649,2.9459915404175496,2.4955575102173966,0.6916856167116063,0.006681393081604078,0.17034152171838673,0.17034152171838673,0.0,0.13858774245963312,0.13858774245963312,1.0,True,accepted,0.0,False,0,2.869742660391294,2.5919837860378965
4.484243088946351,2.563384092072523,2.155809803424643,2.8715601041674463,2.38233621296776,0.3983164401833133,-0.20896117357314753,0.17357965916821755,0.17357965916821755,0.0,2.4434010291022594,2.4434010291022594,1.0,True,accepted,0.0,False,0,2.9397843189911974,2.641086270246472
4.599481306821191,3.2906494413568286,2.5220601336448136,3.0449091833532003,2.41419683636843,0.6377750959216094,-0.10385507342035273,0.17531681011895073,0.17531681011895073,0.0,1.2152866115923175,1.2152866115923175,1.0,True,accepted,0.0,False,0,3.013074975936811,2.698291219231984
4.693855225772699,2.43426255743723,2.944225805322652,2.8851448123981958,2.5813951542933378,0.2243142423854822,0.22886210276711205,0.17178242490699305,0.17178242490699305,0.0,5.537055180440291,5.537055180440291,1.0,True,accepted,0.0,False,0,3.0762189758571687,2.748759035948854
4.783271630969211,3.339645580266367,2.521654745272074,3.042148761086151,2.5765768933549564,0.4838304865612861,0.18095170953395698,0.16843418667493806,0.16843418667493806,0.0,1.485005865738839,1.485005865738839,1.0,True,accepted,0.0,False,0,3.138819077341383,2.7966499938346967
4.89239640616796,2.928582591453836,3.0178568832274633,3.0410783884389985,2.73281475345572,0.38111140444178093,0.44122157489971947,0.17070961891190545,0.17070961891190545,0.0,1.5430012709742702,1.5430012709742702,1.0,True,accepted,0.0,False,0,3.217091544981883,2.8516478870288937
4.974384030348426,3.4774219693816213,3.5041619995882334,3.196837003704132,2.99495487505767,0.6201581923942828,0.875044988166535,0.16632119693937292,0.16632119693937292,0.0,5.422436302567025,5.422436302567025,1.0,True,accepted,0.0,False,0,3.275974336549585,2.887505281512623
5.059379440472181,3.549110851861144,2.927635697474239,3.3392577263884737,3.026896624288485,0.7943191136728938,0.7926665417078506,0.16417148050557032,0.16417148050557032,0.0,0.8547662246719925,0.8547662246719925,1.0,True,accepted,0.0,False,0,3.335483438871048,2.917680606096916
5.134747553959731,3.417402696303557,3.0748371868672364,3.404370040512471,3.083251448312159,0.8046311681106749,0.7860087795859421,0.1607173305520901,0.1607173305520901,0.0,0.003750196959927447,0.003750196959927447,1.0,True,accepted,0.0,False,0,3.3860265668402856,2.9381860875495227
5.249093772834838,3.7218668624631577,3.231588919281592,3.566580874954147,3.1913296626040286,0.9431112857453628,0.8219109668342963,0.1673937340070752,0.1673937340070752,0.0,0.41521169105779576,0.41521169105779576,1.0,True,accepted,0.0,False,0,3.4578856667547218,2.958271285008435
5.35733631566444,3.4406228266180907,2.748332677339655,3.5949651811023315,3.1083719949210558,0.7992791760842308,0.4863892315223294,0.17054859774501765,0.17054859774501765,0.0,2.5191573179157936,2.5191573179157936,1.0,True,accepted,0.0,False,0,3.520231334235054,2.9661965906324057
5.467594584595757,3.516510374108572,3.1375075798100927,3.627790999631931,3.153869374851025,0.6928359307477869,0.470738685387315,0.17285225041572477,0.17285225041572477,0.0,0.21042322296669627,0.21042322296669627,1.0,True,accepted,0.0,False,0,3.578895253328684,2.9656196450288483
5.581631036146855,4.17446748243663,2.782520861628388,3.8657593354732542,3.0630835825785523,0.994537555369153,0.19654369069254385,0.1749025302193336,0.1749025302193336,0.0,2.929116010322473,2.929116010322473,1.0,True,accepted,0.0,False,0,3.6351731113049524,2.957887969284688
5.679576824923772,3.652549277958823,3.029747828738459,3.860536079725578,3.0649588394769505,0.8007722070650645,0.16374029306381344,0.17244541190690044,0.17244541190690044,0.0,0.7384072346583531,0.7384072346583531,1.0,True,accepted,0.0,False,0,3.680663239404032,2.9473966908891156
5.7830138847214165,3.763797139906239,3.2355919424064603,3.8843530922156293,3.1324056581149256,0.6893643877786257,0.25909650478937046,0.17198012759605505,0.17198012759605505,0.0,0.41674884348564145,0.41674884348564145,1.0,True,accepted,0.0,False,0,3.7286457959198387,2.9339112126432427
5.865003734627799,3.2071854386763423,2.7121279473665116,3.7135313240770493,3.0168380903462584,0.2571019419976351,-0.0010315133428706602,0.1669959150506346,0.1669959150506346,0.0,5.62262329756204,5.62262329756204,1.0,True,accepted,0.0,False,0,3.768833799738309,2.922657116100914
5.945730238304598,3.692123215340848,2.272919890399211,3.721759018928874,2.7957508070433685,0.23295692707962062,-0.42699466445083234,0.16352458295989203,0.16352458295989203,0.0,4.334993709659727,4.334993709659727,1.0,True,accepted,0.0,False,0,3.81183229038422,2.91263735386036
6.054150386394121,3.696444376681832,2.704661882424972,3.7312340411393254,2.7354768750923504,0.2022731554570568,-0.4541728569485519,0.16759095100540528,0.16759095100540528,0.0,0.0348856459459519,0.0348856459459519,1.0,True,accepted,0.0,False,0,3.8753125453534087,2.9021261741360886
6.152705196701278,3.977967122185008,3.320604076291447,3.8225066757774604,2.888842551822781,0.34091811428513197,-0.06911311881699483,0.1682522711407027,0.1682522711407027,0.0,3.413550971625823,3.413550971625823,1.0,True,accepted,0.0,False,0,3.938067288246294,2.894250343395192
6.255967002025337,4.019456828110761,2.6835416791502587,3.9094839627003277,2.818275348681872,0.44117162915879854,-0.19193908949584704,0.16972962743401762,0.16972962743401762,0.0,0.49430097417928043,0.49430097417928043,1.0,True,accepted,0.0,False,0,4.007518106589533,2.8855382347049066
6.369216944896139,4.135130937076222,3.3120832145515737,4.017765547029238,2.967674917346799,0.5530552425660051,0.1363829547053212,0.1728460696987784,0.1728460696987784,0.0,2.2019690952362776,2.2019690952362776,1.0,True,accepted,0.0,False,0,4.086267872697636,2.8743769501152565
6.475952860896168,3.914562604356433,2.726415814189656,4.022692018324945,2.8969181438480347,0.45016348606950607,-0.025860449206997732,0.17324743860036076,0.17324743860036076,0.0,0.6795497827442802,0.6795497827442802,1.0,True,accepted,0.0,False,0,4.161373216997724,2.8612869679601585
6.5786318309290674,4.427301070179755,2.933441349801251,4.18735163582811,2.9072102831461146,0.6744528706243168,-0.0013413257833739811,0.17246045756979764,0.17246045756979764,0.0,0.9669154164782484,0.9669154164782484,1.0,True,accepted,0.0,False,0,4.232955347406177,2.8469171696511633
6.681592188966338,4.505862117276405,2.9942937440042625,4.338613832996389,2.9357249055899657,0.8292836155801073,0.05287900252623261,0.1719460847259943,0.1719460847259943,0.0,0.5196084122871856,0.5196084122871856,1.0,True,accepted,0.0,False,0,4.301903453171235,2.831326268839165
6.771789693869469,4.567024523543926,2.68503320323084,4.462051996660929,2.859606298239741,0.9217510038340511,-0.10089759630588731,0.1688111835932704,0.1688111835932704,0.0,0.6746848517123986,0.6746848517123986,1.0,True,accepted,0.0,False,0,4.3588305015785025,2.817410383725756
6.848330585597866,4.390609114369292,2.9288460884738106,4.490267415957136,2.874830201786921,0.8403495845635409,-0.05677713900918954,0.1638104170973678,0.1638104170973678,0.0,0.20342372693730867,0.20342372693730867,1.0,True,accepted,0.0,False,0,4.404447366075747,2.8062226724457675
6.945166455059484,4.0766433771957615,2.517130682400704,4.421642487125357,2.762603780366751,0.5483490674424414,-0.2645407809502708,0.16514506295949113,0.16514506295949113,0.0,2.858117214051992,2.858117214051992,1.0,True,accepted,0.0,False,0,4.4591743773303625,2.7937946261408957
7.03089568870046,4.688400331168191,2.8743375342735544,4.5341236318712985,2.7799716739719935,0.6767623878691176,-0.18599467832123065,0.16375138022893612,0.16375138022893612,0.0,0.5176222876425035,0.5176222876425035,1.0,True,accepted,0.0,False,0,4.505236961658163,2.785286570821234
7.126322120886692,12.095564099419606,-2.75795004029171,4.598704651983483,2.7622228654141727,0.6767623878691176,-0.18599467832123065,0.19776560452470854,0.19776560452470854,0.0,671.3219878290037,671.3219878290037,1.0,False,rejected,0.09542643218623148,False,0,4.5533576211573745,2.778951147247851
7.2439922745501,4.9215888504339,2.2736615224181445,4.776975312003795,2.551103323218344,0.8590151845463598,-0.535647585372156,0.1910349685444359,0.1910349685444359,0.0,1.8294711899034966,1.8294711899034966,1.0,True,accepted,0.0,False,0,4.607697457827567,2.776345998137266
7.330689248843368,4.174228463015452,2.669954475119445,4.608955716990662,2.5638500293526514,0.41795581299961054,-0.42799765144165813,0.1795172723499256,0.1795172723499256,0.0,3.4660487796883204,3.4660487796883204,1.0,True,accepted,0.0,False,0,4.64421284937436,2.7783296477774257
7.408604385927821,5.097128326267048,3.0205659763940393,4.788548535650886,2.688649433515505,0.6876144062855993,-0.1379457725993814,0.17042191568377113,0.17042191568377113,0.0,3.3694604256660226,3.3694604256660226,1.0,True,accepted,0.0,False,0,4.674952359866022,2.7819688441488224
7.497673580528921,4.929115236384321,2.579874730001187,4.874400518454416,2.64643066879567,0.7336606349327237,-0.19395720958569398,0.167090915281366,0.167090915281366,0.0,0.11957665090756023,0.11957665090756023,1.0,True,accepted,0.0,False,0,4.707582925717539,2.7867457290131314
7.587353268417255,4.4029375213428885,3.0409563076553288,4.777000096113461,2.7541594882950453,0.4222036865998084,0.04483936664042709,0.16534204064563346,0.16534204064563346,0.0,3.5456128342300337,3.5456128342300337,1.0,True,accepted,0.0,False,0,4.738527456875715,2.7909424821827566
7.6954490941536,4.803618143303778,3.050990018099943,4.816632038706603,2.8512128314002814,0.4106104820691146,0.2228074318726905,0.16858640893304774,0.16858640893304774,0.0,0.6508798675060059,0.6508798675060059,1.0,True,accepted,0.0,False,0,4.775254521223941,2.792976831953663
7.798300701770663,4.774128018195488,2.9487461159253097,4.83172977015546,2.8980229050646513,0.35819529142604084,0.26896343714728344,0.16976415660701782,0.16976415660701782,0.0,0.09628625895244505,0.09628625895244505,1.0,True,accepted,0.0,False,0,4.810620086481805,2.790557380750765
7.912495612225984,3.78164110973525,-4.365025405975453,4.872633849385374,2.928737160685441,0.35819529142604084,0.26896343714728344,0.21186295254872944,0.21186295254872944,0.0,403.22400812353555,403.22400812353555,1.0,False,rejected,0.11419491045532126,False,0,4.851354054426678,2.7830535985991505
8.020711289242353,5.165789108771758,2.3278378392676045,5.0201333952712135,2.6885549762755456,0.5539601103618403,-0.21584916179780073,0.19613622978551556,0.19613622978551556,0.0,2.936750210648854,2.936750210648854,1.0,True,accepted,0.0,False,0,4.892199364477362,2.772499427043931
8.116030632314356,4.288403894212766,3.0897869127616566,4.778247793825855,2.8264207314852006,0.03179226108938127,0.06489609716500555,0.18386433949117828,0.18386433949117828,0.0,5.50431213635451,5.50431213635451,1.0,True,accepted,0.0,False,0,4.930818791667385,2.7611784792094918
8.231731651547658,5.365244318727488,2.4513338741427653,4.993274839324768,2.6953067693313746,0.40790863088027923,-0.181796722399277,0.18057942074037378,0.18057942074037378,0.0,3.4479938694639096,3.4479938694639096,1.0,True,accepted,0.0,False,0,4.982493485843437,2.744130026388506
8.315080297543044,4.483762427925977,2.76304561316715,4.848698933669348,2.7073888208558774,0.08476724972848454,-0.13251414185473004,0.17195976208467756,0.17195976208467756,0.0,2.255116532658519,2.255116532658519,1.0,True,accepted,0.0,False,0,5.022427087895955,2.7295800351940116
8.391215901199738,5.350472745382782,3.249564875230573,5.005286582857319,2.8646939478210895,0.36369408780565554,0.1784798738519005,0.1651648477499759,0.1651648477499759,0.0,4.261426586065736,4.261426586065736,1.0,True,accepted,0.0,False,0,5.060752983335959,2.714199321452737
8.47071829423852,5.2564718291742425,2.573737943093008,5.0988062102171305,2.790190079578756,0.48734557711896404,0.008724227576279692,0.16173852358575164,0.16173852358575164,0.0,1.1232651109209366,1.1232651109209366,1.0,True,accepted,0.0,False,0,5.101918156247382,2.6957446772414877
8.581836261768341,4.875299746783906,2.6520637951518107,5.066985056641753,2.7480901181022217,0.3194777217253691,-0.07537054685882212,0.1669355020471792,0.1669355020471792,0.0,0.7397784490805868,0.7397784490805868,1.0,True,accepted,0.0,False,0,5.160729950118033,2.667159640601305
8.679930123280911,5.089473642131932,2.3102100012026034,5.095554028575812,2.6059683316763342,0.31405616001804204,-0.3390827391543335,0.1678305216954753,0.1678305216954753,0.0,1.4152649886625606,1.4152649886625606,1.0,True,accepted,0.0,False,0,5.213686570270262,2.6405569544278706
8.762993712232591,11.432968665012698,5.700781676830245,5.121640660359294,2.577802902410609,0.31405616001804204,-0.3390827391543335,0.19765865257762172,0.19765865257762172,0.0,384.1811707663045,384.1811707663045,1.0,False,rejected,0.08306358895167953,False,0,5.258406609721968,2.6177478106636087
8.86304595098776,5.5853726883920976,2.271333995090795,5.321388703165384,2.4377584710111186,0.6285892987997133,-0.5373751194150471,0.18719715299363313,0.18719715299363313,0.0,1.772008121354272,1.772008121354272,1.0,True,accepted,0.0,False,0,5.310410606689454,2.5896861341212944
8.945661556123417,5.529700171471512,2.707566592728042,5.42747466321828,2.5021720757704835,0.7285766429336716,-0.33647758805340333,0.17654213407744068,0.17654213407744068,0.0,0.894686214594473,0.894686214594473,1.0,True,accepted,0.0,False,0,5.350540251097846,2.565443662961522
9.055477574877303,5.443219796778943,2.8466327757223913,5.485471634170567,2.5958661555201363,0.6879118172329098,-0.09512995605396232,0.17557811132379902,0.17557811132379902,0.0,1.0928945850484295,1.0928945850484295,1.0,True,accepted,0.0,False,0,5.399254141956165,2.5297641724740534
9.152785388656005,5.533314611150888,2.6533617975913453,5.5461105907918915,2.6086323116175967,0.6761938194854861,-0.05416865175458296,0.17231618210762367,0.17231618210762367,0.0,0.035890679742179875,0.035890679742179875,1.0,True,accepted,0.0,False,0,5.438310861195169,2.4934631479132934
9.24683644996083,5.564250781412737,2.4933101727698745,5.595172965859455,2.568293321797603,0.6488498951942688,-0.12047488421575159,0.16963720842872518,0.16963720842872518,0.0,0.10745358372087195,0.10745358372087195,1.0,True,accepted,0.0,False,0,5.4730015339445215,2.4541454522272064
9.336912054418223,4.866641429997935,2.3764347579409755,5.409153744352388,2.50121395993166,0.18288151943063313,-0.2276487870788924,0.16720464995553685,0.16720464995553685,0.0,4.994784798439698,4.994784798439698,1.0,True,accepted,0.0,False,0,5.504306124192434,2.4133038291970483
9.443426184074168,5.267807948757765,1.919005804770161,5.377325042222941,2.2989597650385485,0.08426865886928547,-0.5697720640775876,0.16944836226814408,0.16944836226814408,0.0,2.5512484120873076,2.5512484120873076,1.0,True,accepted,0.0,False,0,5.5398016003070065,2.3621838892569986
9.536516814601837,5.967273023650671,2.7781313144294257,5.567901897062304,2.4129897998866214,0.43685829000879317,-0.24740246007998445,0.16808493165116184,0.16808493165116184,0.0,4.742310737012401,4.742310737012401,1.0,True,accepted,0.0,False,0,5.568048267706432,2.3156388515972175
9.615899310567642,5.893885989377747,2.2979889819341057,5.6898230435466814,2.364790835856645,0.6064912160392709,-0.3029333351195025,0.1641763361229777,0.1641763361229777,0.0,0.7312768137888871,0.7312768137888871,1.0,True,accepted,0.0,False,0,5.588321087640469,2.2742078513215693
9.696799605673668,5.9146341652118455,2.185476976241633,5.79012946530145,2.295147488468789,0.7072219687080955,-0.3916624614108591,0.16198992698425435,0.16198992698425435,0.0,0.43176536265860044,0.43176536265860044,1.0,True,accepted,0.0,False,0,5.604642972980271,2.2307044036674064
9.819894488901143,5.604782228905421,1.7920478126622434,5.789465866058931,2.100452956619643,0.5353149762255875,-0.6787317523398841,0.17024032711803985,0.17024032711803985,0.0,2.117756881602645,2.117756881602645,1.0,True,accepted,0.0,False,0,5.621970087143734,2.163463993191694
9.940323523436524,5.695619200560204,2.0759800463827465,5.80005953918649,2.0382014174869103,0.4317403579002844,-0.6412662756839643,0.1750048919608038,0.1750048919608038,0.0,0.20775351328521738,0.20775351328521738,1.0,True,accepted,0.0,False,0,5.633439755087056,2.0975454514831138
10.05030888012706,5.214462358833253,1.9841731851769528,5.6312117221978975,1.9733103644075816,0.022230055226515166,-0.6305921453499873,0.1753688646144678,0.1753688646144678,0.0,2.9335099905280733,2.9335099905280733,1.0,True,accepted,0.0,False,0,5.64251129057623,2.0362156414443686
10.138602378200037,5.6037015247065876,2.490963176974128,5.623643756293179,2.1030321050723284,0.00422246130730574,-0.28029507949160815,0.17059744781750869,0.17059744781750869,0.0,2.4777808641231793,2.4777808641231793,1.0,True,accepted,0.0,False,0,5.6508220936582285,1.9851286891481235
10.262061197067423,3.9506180059761395,-3.2770020213576814,5.624165056378892,2.0684272056239545,0.00422246130730574,-0.28029507949160815,0.21576362374224153,0.21576362374224153,0.0,229.75809445640937,229.75809445640937,1.0,False,rejected,0.12345881886738574,False,0,5.664713748899544,1.9098789407008874
10.375998742265713,5.75924321884798,1.8320524657059856,5.683815837570295,1.9466186240555936,0.1085733369107825,-0.4387929450650616,0.19890838212321493,0.19890838212321493,0.0,0.373044999613737,0.373044999613737,1.0,True,accepted,0.0,False,0,5.679736540740277,1.8380416061791907
10.486843251723663,5.648763775273808,1.4299560471457895,5.677320220141678,1.713796066477827,0.07646732068027379,-0.757914331137717,0.188197427936588,0.188197427936588,0.0,1.490986634609444,1.490986634609444,1.0,True,accepted,0.0,False,0,5.696292985074034,1.7679376503895246
10.584311326830852,1.154984142309738,-3.4510702417496697,5.684773342696989,1.6399236155256809,0.07646732068027379,-0.757914331137717,0.2232376721571989,0.2232376721571989,0.0,332.0855959100214,332.0855959100214,1.0,False,rejected,0.09746807510718902,False,0,5.712646657536416,1.707300490589443
10.67292340492311,5.374290489252578,1.7976667935926813,5.55533620910646,1.6693241723332446,-0.15501534895385075,-0.5938171482772033,0.19657297307209884,0.19657297307209884,0.0,0.9589228289731523,0.9589228289731523,1.0,True,accepted,0.0,False,0,5.729054239855311,1.6528602303906261
10.752742953030785,5.882936764180207,1.0599205297985144,5.665637881964695,1.4191339375229073,0.05578596092577692,-0.9422895200748952,0.18020898030668314,0.18020898030668314,0.0,3.0639534800358463,3.0639534800358463,1.0,True,accepted,0.0,False,0,5.744950752891345,1.6041330920747938
10.872873072857976,5.7520939360219225,1.820750831671567,5.700673118107634,1.4888300455559875,0.10599421874537464,-0.6181957953746576,0.17881134310958965,0.17881134310958965,0.0,1.9442065576822725,1.9442065576822725,1.0,True,accepted,0.0,False,0,5.769238852795629,1.5306441959569048
10.970661887349657,6.124779393670019,1.7687043988521314,5.850013684443146,1.5426931144648437,0.3584246472500536,-0.41055661971002544,0.17387054106847966,0.17387054106847966,0.0,2.1177737894929773,2.1177737894929773,1.0,True,accepted,0.0,False,0,5.788007985023401,1.4683699244190473
11.055780055589418,5.833801413979909,1.1536115981290862,5.8657967020047,1.3961308357035997,0.33099317279801427,-0.6184828701159824,0.1684226560782551,0.1684226560782551,0.0,0.970884001792333,0.970884001792333,1.0,True,accepted,0.0,False,0,5.802837623347554,1.4113711087062681
11.14607788679695,5.5123887649300976,1.4527615530372766,5.777813470231895,1.3748725372009756,0.10592097255333854,-0.5524353175747235,0.166363486753033,0.166363486753033,0.0,1.227744803088634,1.227744803088634,1.0,True,accepted,0.0,False,0,5.81724543992147,1.3480369171367705
11.250038865244045,5.968130285664639,1.6683136754984416,5.845338871638441,1.4280296137291266,0.21543065751727775,-0.338141573057706,0.16842320524834067,0.16842320524834067,0.0,1.1814032187533394,1.1814032187533394,1.0,True,accepted,0.0,False,0,5.832547981896348,1.2709228973094544
11.333877504391006,6.197263477575963,1.1876164053533023,5.965007444773746,1.335141248804772,0.4138897323283687,-0.46419919829907813,0.1655004350963658,0.1655004350963658,0.0,1.2091825690304736,1.2091825690304736,1.0,True,accepted,0.0,False,0,5.843488551687372,1.2053811295297914
11.451708218595625,5.5111667100283865,1.0536585465341315,5.84985299631807,1.206479393077514,0.09445685289246608,-0.6083325896565062,0.1713271847764748,0.1713271847764748,0.0,2.2764954790688408,2.2764954790688408,1.0,True,accepted,0.0,False,0,5.856935638944488,1.109957195133492
11.564634195087386,5.964938499971501,1.0132500971878786,5.8956318630428575,1.0959070496925272,0.16199255910555832,-0.6888774827317663,0.17396464327784592,0.17396464327784592,0.0,0.19478242135764806,0.19478242135764806,1.0,True,accepted,0.0,False,0,5.869430413977598,1.017259367021083
11.675607342884932,6.159504557361032,-7.994213036075904,5.913608687246581,1.0194601469869333,0.16199255910555832,-0.6888774827317663,0.21537485555960792,0.21537485555960792,0.0,596.1504351607759,596.1504351607759,1.0,False,rejected,0.11097314779754619,False,0,5.8817862276446355,0.9271363833389583
11.772211994873688,5.773952731909973,0.7446279205232749,5.863362166284128,0.8645370237680956,0.04364027507456028,-0.8476025249431453,0.19541459258976912,0.19541459258976912,0.0,0.4317870194734408,0.4317870194734408,1.0,True,accepted,0.0,False,0,5.892959777706964,0.8510266827996946
11.87857743690881,6.030152683507139,0.7393689205542504,5.930100854068801,0.7609729375688727,0.15313635631635344,-0.8712458227764954,0.18565189062166698,0.18565189062166698,0.0,0.1886631602918451,0.1886631602918451,1.0,True,accepted,0.0,False,0,5.906060397549054,0.7712731386200221
11.982782335354447,6.020351883826233,0.8697875713801475,5.972571777141255,0.7414177575538548,0.2001903833646434,-0.7448267519319901,0.1792166485208326,0.1792166485208326,0.0,0.3241412612740844,0.3241412612740844,1.0,True,accepted,0.0,False,0,5.919683095365822,0.6982855850469702
12.090274665432188,5.615049423343384,0.5685220417318213,5.86347186694491,0.6293641994061449,-0.03551396889745989,-0.8025540697900256,0.1761087400594884,0.1761087400594884,0.0,1.109005499437303,1.109005499437303,1.0,True,accepted,0.0,False,0,5.9350761902489015,0.6293907862714047
12.169496881489183,6.394768232610677,0.3087389020868316,6.029100072666132,0.48472000042620955,0.2748209289593068,-0.9519055369403371,0.1684731770843628,0.1684731770843628,0.0,2.6726896013804113,2.6726896013804113,1.0,True,accepted,0.0,False,0,5.947801242119128,0.5837977405999465
12.265287251597712,5.335647288206755,0.031348468236302995,5.83133528734686,0.28077582346527696,-0.1488137416099911,-1.1650760709187709,0.16739142184098876,0.16739142184098876,0.0,4.9680548908074975,4.9680548908074975,1.0,True,accepted,0.0,False,0,5.9648196961560425,0.5354031458046016
12.342367960290806,5.984604352128714,0.5446647456188727,5.86846587988216,0.29531713507563445,-0.055093285053987265,-0.9638596139668466,0.16294680331676495,0.16294680331676495,0.0,1.1925036410320247,1.1925036410320247,1.0,True,accepted,0.0,False,0,5.9803090953623075,0.5015925447314011
12.442067501253032,5.946591516154646,0.8288686941396617,5.888362310348023,0.39040188200948317,-0.0053313728319318715,-0.5891516522960947,0.16530837444451815,0.16530837444451815,0.0,3.121652777730695,3.121652777730695,1.0,True,accepted,0.0,False,0,6.001844355138199,0.46269837057092744
12.53356056186967,8.448088615480783,-5.580299075419302,5.887874526730341,0.33649859417356376,-0.0053313728319318715,-0.5891516522960947,0.19808959627275902,0.19808959627275902,0.0,321.5982316055925,321.5982316055925,1.0,False,rejected,0.09149306061663864,False,0,6.021683882705552,0.4298610778341995
12.615786771312973,6.458720597608888,0.0023407786265441932,6.101576003210826,0.18095801466744005,0.40055856177458626,-0.7921476919769619,0.18367235972706458,0.18367235972706458,0.0,2.8340513036249044,2.8340513036249044,1.0,True,accepted,0.0,False,0,6.038273970177512,0.4019374293926297
12.6959569196991,5.879352676065333,0.0573987937257551,6.048049229572612,0.09723060631428476,0.2399366941588525,-0.8300729488685527,0.1740822704009475,0.1740822704009475,0.0,0.5033071059951417,0.5033071059951417,1.0,True,accepted,0.0,False,0,6.05238487632836,0.3755519458192503
12.800339148307986,3.9772692962989558,-8.577384052056757,6.073094356433962,0.010585742003435525,0.2399366941588525,-0.8300729488685527,0.21200100184658782,0.21200100184658782,0.0,579.095490543531,579.095490543531,1.0,False,rejected,0.1043822286088858,False,0,6.067444893395917,0.33985321750167397
12.88386879673483,6.426410652604572,0.6995479251761445,6.227964000355822,0.2480231584213708,0.4830093723962575,-0.2770107878197072,0.19081388884732914,0.19081388884732914,0.0,4.53919420103863,4.53919420103863,1.0,True,accepted,0.0,False,0,6.076404343074633,0.30702479177747116
13.00512480265367,5.898907255481716,0.632601945574612,6.137343157005194,0.37537811708819374,0.2188154156105016,0.008000741875270112,0.18611590612254506,0.18611590612254506,0.0,2.222070899785635,2.222070899785635,1.0,True,accepted,0.0,False,0,6.0842197708820756,0.24720642187145167
13.10917785963869,6.01065700380116,0.5122772588269291,6.10657879157108,0.4249480074529851,0.12355827812589087,0.09472488138473689,0.17954633834261197,0.17954633834261197,0.0,0.29131718875447066,0.29131718875447066,1.0,True,accepted,0.0,False,0,6.087093231684651,0.1814102676858439
13.201521349865432,5.971472839253682,-0.04099046887660017,6.069152996110918,0.27547634308971447,0.03508557207508249,-0.19191138263000668,0.1731997842204414,0.1731997842204414,0.0,1.8281550319943043,1.8281550319943043,1.0,True,accepted,0.0,False,0,6.0870459619520325,0.11124294948756194
13.306067124439503,6.107625091266443,0.7981354772344673,6.084271033785569,0.4339601210240751,0.05628357676558696,0.1386432079560811,0.1720714918798203,0.1720714918798203,0.0,2.2051003679704295,2.2051003679704295,1.0,True,accepted,0.0,False,0,6.083801268862675,0.019392288340640218
13.382207317990988,6.25169664065766,-0.42241819991515395,6.138111379651159,0.18117931318542468,0.1498158113555169,-0.35839156304286274,0.16564498858246043,0.16564498858246043,0.0,6.013417380683357,6.013417380683357,1.0036640179379803,True,downweighted,0.0,False,0,6.078854831651877,-0.05503792613416747
13.505135278653059,6.283254831771115,-0.40697482982196614,6.19814406709292,-0.04155454610341344,0.22949225019551622,-0.7004797465609158,0.17191656395148974,0.17191656395148974,0.0,2.3290021717531983,2.3290021717531983,1.0,True,accepted,0.0,False,0,6.065664713806166,-0.1842425465820657
13.604250450500205,5.841652818598706,-0.0967625038151882,6.097681931787423,-0.10636279202525536,-0.006661005919128382,-0.6916247406117474,0.1709958807849173,0.1709958807849173,0.0,1.080359294471631,1.080359294471631,1.0,True,accepted,0.0,False,0,6.05071909493339,-0.29339804864436947
13.71838721186272,5.992273692383014,-0.3671746712527568,6.061831063595862,-0.24628801937700465,-0.07363829897179217,-0.8080273672156424,0.173720573997037,0.173720573997037,0.0,0.3251660413491703,0.3251660413491703,1.0,True,accepted,0.0,False,0,6.03011177113061,-0.42177422409463916
13.79752371185884,5.9825812055627345,-0.40601929745547966,6.03306659135678,-0.34015607527687314,-0.11754131420579865,-0.8653032303429308,0.16767769034639762,0.16767769034639762,0.0,0.1112842872167707,0.1112842872167707,1.0,True,accepted,0.0,False,0,6.01403154798286,-0.5105431294056129
13.896856628400748,6.099385641659766,-1.1584245601068393,6.045915864858053,-0.6563814155845057,-0.07028838547401672,-1.3089745966246247,0.1682259435794468,0.1682259435794468,0.0,4.13138094285142,4.13138094285142,1.0,True,accepted,0.0,False,0,5.991860702940779,-0.6190411375660274
13.996391978118474,6.1645135778850495,-0.9420947613139725,6.078655561333279,-0.8358443309850891,0.006460316731481369,-1.4039521300457516,0.16874401891536733,0.16874401891536733,0.0,0.30330133476662,0.30330133476662,1.0,True,accepted,0.0,False,0,5.967466274401544,-0.721749356682502
14.118283300867223,5.521687240812618,-0.7504163470043392,5.8916255818045515,-0.920581290705446,-0.3532042740980026,-1.2385129255402765,0.174087332164198,0.174087332164198,0.0,2.7776927850589956,2.7776927850589956,1.0,True,accepted,0.0,False,0,5.935558143031309,-0.8381567502286205
14.221869703486027,5.969931575027065,-1.013033291324522,5.8933916259162835,-1.0369100475246658,-0.2803621578809786,-1.2157897140641476,0.17333050676137524,0.17333050676137524,0.0,0.1072187252125814,0.1072187252125814,1.0,True,accepted,0.0,False,0,5.9080970749079045,-0.929453451740459
14.320544173538874,6.184009970034543,-1.2758420987381955,5.9698919051929655,-1.1958111666437887,-0.08290345703001972,-1.289593873890387,0.1716228900819909,0.1716228900819909,0.0,0.8630108535857541,0.8630108535857541,1.0,True,accepted,0.0,False,0,5.881455680403683,-1.010224033497205
14.40889295669347,5.802924650749641,-1.109307950782763,5.9123709738766905,-1.2467217077369448,-0.17853524667713339,-1.1695247557674584,0.16822219997589727,0.16822219997589727,0.0,0.5001684329195889,0.5001684329195889,1.0,True,accepted,0.0,False,0,5.857066230783709,-1.0779900791932469
14.500471406560596,5.9002817262121035,-0.9126164356880976,5.897337790821276,-1.21746756823319,-0.17600485824855489,-0.9074973414992421,0.16677796230705422,0.16677796230705422,0.0,1.4946162810275438,1.4946162810275438,1.0,True,accepted,0.0,False,0,5.831990823856752,-1.145089317501339
14.601505026684173,5.599201658043007,-0.8473070758043312,5.791568571530355,-1.1642078744599793,-0.3460096961935104,-0.6274353082555498,0.1680648448449742,0.1680648448449742,0.0,2.225453944048195,2.225453944048195,1.0,True,accepted,0.0,False,0,5.805616246067885,-1.2172022686771458
14.698450599699425,5.907479729599953,-1.6971397541543038,5.804949425154632,-1.3732632492174106,-0.2551787315753596,-0.914355507310082,0.1680999590339889,0.1680999590339889,0.0,1.869192754537416,1.869192754537416,1.0,True,accepted,0.0,False,0,5.782660214368113,-1.2852604102696452
14.774531203693442,5.290248722293557,-1.1838074195514698,5.638454893267882,-1.3659091814372923,-0.5416467015855175,-0.7645410398733428,0.1634821567556292,0.1634821567556292,0.0,2.440332574734719,2.440332574734719,1.0,True,accepted,0.0,False,0,5.766596655303829,-1.3376290321786692
14.89084579990316,5.794149880328204,-1.2876627471268642,5.645282572987321,-1.4014584042572693,-0.4056079203525556,-0.660551636275305,0.1695191033493838,0.1695191033493838,0.0,0.5731154199517529,0.5731154199517529,1.0,True,accepted,0.0,False,0,5.745554315767848,-1.416513685301361
15.010653838495148,5.832943460051689,-1.266767852764998,5.676421062741383,-1.40843273884259,-0.25252368689010396,-0.5219985546307667,0.17428117637537605,0.17428117637537605,0.0,0.7474616328091739,0.7474616328091739,1.0,True,accepted,0.0,False,0,5.72629085995742,-1.4966828356229998
15.09266629294508,6.111860863009734,-1.7203910468571528,5.800017313377906,-1.5363900272674185,0.023660432853213675,-0.6849589868323025,0.1687369409917218,0.1687369409917218,0.0,2.1307876978449407,2.1307876978449407,1.0,True,accepted,0.0,False,0,5.713281063203274,-1.5505853573960227
15.195368100122032,5.45793215327323,-1.7801957570507294,5.69228901413251,-1.6621999099144014,-0.18743521019021114,-0.7912430919204532,0.1696389812926691,0.1696389812926691,0.0,1.124521666045999,1.124521666045999,1.0,True,accepted,0.0,False,0,5.696662115078447,-1.6158256258699186
15.275796887178805,5.881452913455417,-1.1291126544987038,5.739239834388812,-1.5446170533857273,-0.06790565943031979,-0.4420132287904671,0.16532507831224497,0.16532507831224497,0.0,3.077641532052036,3.077641532052036,1.0,True,accepted,0.0,False,0,5.683983420100792,-1.6646899253883245
15.384408891830795,5.644606907106735,-2.3202733079017435,5.70423212182585,-1.8230534902339952,-0.12135524828112834,-0.8877339687158705,0.16882182175558227,0.16882182175558227,0.0,4.077821238309947,4.077821238309947,1.0,True,accepted,0.0,False,0,5.667887168133422,-1.7269517693004928
15.473470581022745,5.245048136611325,-1.8739569458779146,5.55473064284924,-1.8934061301607117,-0.39007232312458606,-0.8708575620629567,0.16685068423101332,0.16685068423101332,0.0,1.5489094296830372,1.5489094296830372,1.0,True,accepted,0.0,False,0,5.656387037820726,-1.7732306300788971
15.581441712757341,5.566511739611026,-1.8113729632768414,5.52987891079646,-1.9310368034874337,-0.35667773753839915,-0.7617716824626498,0.16979205162983252,0.16979205162983252,0.0,0.2560279553117897,0.2560279553117897,1.0,True,accepted,0.0,False,0,5.645160936239659,-1.8235436914645065
15.692791443471686,5.721279588686466,-1.848030515876602,5.566525315839545,-1.960408013118233,-0.2101874104318588,-0.6553951926411061,0.172442914183869,0.172442914183869,0.0,0.606961468389869,0.606961468389869,1.0,True,accepted,0.0,False,0,5.63539799826408,-1.8700256391998458
15.806223818067568,5.998882595178727,-2.0229013411847,5.6969539991111375,-2.03074388826624,0.08260138822886454,-0.6477900503380891,0.17445592022147458,0.17445592022147458,0.0,1.531472855994197,1.531472855994197,1.0,True,accepted,0.0,False,0,5.62516718423449,-1.9131443963616948
15.886610865365364,5.406587854418912,-1.7221015123087844,5.610091825014183,-1.969258621750416,-0.09507544122547923,-0.4320001988957024,0.16832534841418562,0.16832534841418562,0.0,1.662172730303217,1.662172730303217,1.0,True,accepted,0.0,False,0,5.616890156695539,-1.9418877311381502
16.007411457622247,5.175352195730032,-1.8161725194136702,5.4574776277556625,-1.9529990674684716,-0.36315266131186136,-0.30198682018968515,0.17323221481897594,0.17323221481897594,0.0,1.6388611559100794,1.6388611559100794,1.0,True,accepted,0.0,False,0,5.603044931797053,-1.9836352616830657
16.09392215716699,5.645143695730873,-2.0245255058202027,5.49550088788488,-1.9935144475903765,-0.23098914582986615,-0.32937557701312536,0.1688968862781748,0.1688968862781748,0.0,0.3799120892174802,0.3799120892174802,1.0,True,accepted,0.0,False,0,5.591682060013231,-2.012718417450436
16.1707927849758,6.071100147385491,-2.2081910739558013,5.654967256955532,-2.075390749131275,0.10989566878998061,-0.4381620131501256,0.1639545096475648,0.1639545096475648,0.0,3.02290521606948,3.02290521606948,1.0,True,accepted,0.0,False,0,5.579347355720088,-2.037742691117853
16.273535408445372,6.185552623233928,-2.1431962132429123,5.826347158507644,-2.1274336471311424,0.4209659759011314,-0.4518123240800675,0.1665693497469257,0.1665693497469257,0.0,2.0765841715884976,2.0765841715884976,1.0,True,accepted,0.0,False,0,5.558070659138998,-2.0696661659236293
16.367081522638493,5.158898510849194,-2.1026951755197465,5.648169704449853,-2.149075612494172,-0.0031851036002938926,-0.41160494488474353,0.16643742245710214,0.16643742245710214,0.0,3.877093647070502,3.877093647070502,1.0,True,accepted,0.0,False,0,5.534420338166386,-2.097475364825353
16.483571009795114,5.1864499296990205,-2.407601160581218,5.4969444452322085,-2.2658791256237003,-0.29536694478531234,-0.5449683475821063,0.17154786882923548,0.17154786882923548,0.0,1.9232198115608727,1.9232198115608727,1.0,True,accepted,0.0,False,0,5.502840634887837,-2.131324715801529
16.59898358339833,5.594993972475525,-2.071581482279278,5.507564634199225,-2.2417534818961538,-0.2099767319931054,-0.3787652909761132,0.17450388895472593,0.17450388895472593,0.0,0.6146664412094149,0.6146664412094149,1.0,True,accepted,0.0,False,0,5.471693837237935,-2.1655485300896657
16.689840528039465,5.262169679548546,-1.985056932832102,5.415173284715655,-2.1818643256679047,-0.34939877204504305,-0.19942776375574536,0.1707475779803255,0.1707475779803255,0.0,1.021332612543362,1.021332612543362,1.0,True,accepted,0.0,False,0,5.447666058186296,-2.1949744805289253
16.812485497792952,5.758512815791374,-1.9067385004962043,5.5040535775922015,-2.104132985018263,-0.10062096073794488,-0.006440595472812505,0.17521287237570737,0.17521287237570737,0.0,1.7489595366428985,1.7489595366428985,1.0,True,accepted,0.0,False,0,5.416373436478281,-2.240548580468775
16.902031389699957,5.541920710220005,-1.9684668301932824,5.5102281716160135,-2.060577093118983,-0.07195197214894944,0.07688211053514687,0.1707435081166573,0.1707435081166573,0.0,0.15594477013333605,0.15594477013333605,1.0,True,accepted,0.0,False,0,5.394363663511367,-2.2786063981150977
17.002784246161543,4.786425620433601,-2.516409569639851,5.272064309143851,-2.2022225795698094,-0.5100470340774843,-0.2065462325349381,0.1703031331278802,0.1703031331278802,0.0,5.484847823052275,5.484847823052275,1.0,True,accepted,0.0,False,0,5.371695628329375,-2.325166634528509
17.090582500689923,5.061664097701521,-2.4220600944643085,5.1758051430425365,-2.2830506305343676,-0.6084507285734202,-0.32638957880653846,0.16725408593083915,0.16725408593083915,0.0,0.5215840518019188,0.5215840518019188,1.0,True,accepted,0.0,False,0,5.355102197999099,-2.36703587724412
17.212384679192372,5.109261269262859,-2.5569036985808795,5.1042076500092035,-2.4005561750749775,-0.6036471606366194,-0.4750010814178381,0.17289169456644052,0.17289169456644052,0.0,0.4070988739383643,0.4070988739383643,1.0,True,accepted,0.0,False,0,5.336034190349232,-2.424492911227649
17.295615070071474,5.816635258269869,-2.5903817351668352,5.293291421103426,-2.4872520082988747,-0.14545044626102183,-0.5652929672671096,0.1680535289475139,0.1680535289475139,0.0,4.607086691683501,4.607086691683501,1.0,True,accepted,0.0,False,0,5.3235967796543315,-2.462067413858367
17.37286060104109,5.349003129842134,-2.6383192705393754,5.3019555180919165,-2.5628424278273045,-0.10696703294613862,-0.6270305651118638,0.16355972352475573,0.16355972352475573,0.0,0.12506647542537458,0.12506647542537458,1.0,True,accepted,0.0,False,0,5.310678234417847,-2.495173533299
17.469615454041243,5.212980188514839,-2.602127512364238,5.267806672525338,-2.617038197316342,-0.15346783709159892,-0.6143841433478915,0.16505194092085906,0.16505194092085906,0.0,0.05144012302829301,0.05144012302829301,1.0,True,accepted,0.0,False,0,5.291578020467264,-2.534189056291783
17.594234232244034,5.279169883669855,-2.2977270753440937,5.25876185261551,-2.5627158766152447,-0.13392587303073805,-0.3606408195954989,0.17249998384753776,0.17249998384753776,0.0,1.1724958356142714,1.1724958356142714,1.0,True,accepted,0.0,False,0,5.2608829637857015,-2.581346191994617
17.71381809555678,5.594057592379844,-2.593841335749056,5.363731889150939,-2.601709639223184,0.09640908087624331,-0.3527722001030479,0.17605234356229874,0.17605234356229874,0.0,0.9001156615143562,0.9001156615143562,1.0,True,accepted,0.0,False,0,5.222997229670026,-2.624542942266076
17.826248496529626,5.233594115590113,-3.067019634643457,5.325837925595951,-2.788510802809041,0.004905218073536555,-0.6290469326396334,0.17638424524616542,0.17638424524616542,0.0,1.4616766704458206,1.4616766704458206,1.0,True,accepted,0.0,False,0,5.178503920532292,-2.662904484054382
17.94578812107355,4.983522391768321,-2.4747475085147514,5.205892229201316,-2.726985312362664,-0.21896125732633273,-0.37511146746193924,0.17786381578830515,0.17786381578830515,0.0,1.9373476326789585,1.9373476326789585,1.0,True,accepted,0.0,False,0,5.122723690877922,-2.7008597454655554
18.065460453058446,5.221746775865834,-2.7261916803631463,5.1945972537158065,-2.7556818350705554,-0.19149186766517592,-0.34527386861400544,0.17861380313780031,0.17861380313780031,0.0,0.027656552902699586,0.027656552902699586,1.0,True,accepted,0.0,False,0,5.059854194012585,-2.737594286698902
18.166403371077767,5.186650347474684,-2.6683571229873095,5.179139166246584,-2.74897834246228,-0.18434848886825217,-0.26860045436791147,0.17496232343135534,0.17496232343135534,0.0,0.11039567602844472,0.11039567602844472,1.0,True,accepted,0.0,False,0,5.00222744500965,-2.768237965212195
18.257199823669307,5.243126756975878,-2.750676064087023,5.188478864583196,-2.7660363885343244,-0.1357290509991814,-0.25493459631893145,0.1705105800676801,0.1705105800676801,0.0,0.052889147413827706,0.052889147413827706,1.0,True,accepted,0.0,False,0,4.947960374867881,-2.7956867731680277
18.370800445274856,4.728344356960553,-2.7622290267286522,5.025575803973703,-2.7841300053839633,-0.413304756945331,-0.2344819165226024,0.17276380273920255,0.17276380273920255,0.0,1.476679060615496,1.476679060615496,1.0,True,accepted,0.0,False,0,4.8797919387296185,-2.829548238573605
18.478883508433245,3.9093907029854287,-2.7703996371427504,4.7021320895358905,-2.7993077946541183,-0.9393172029453016,-0.2153003134173645,0.18243933798126086,0.18243933798126086,0.0,8.516778802169704,8.516778802169704,1.421485303836216,True,downweighted,0.0,False,0,4.819197898350885,-2.860515183115041
18.57256639487693,3.6531016498725304,-3.4200493055929435,4.37162264679743,-2.9710288234940117,-1.3922572197185512,-0.4983530642260928,0.18823495923374753,0.18823495923374753,0.0,9.347528416129968,9.347528416129968,1.5601408207684258,True,downweighted,0.0,False,0,4.772840530477623,-2.8854499619487175
18.652289728280007,4.84784073271122,-2.7736968178786015,4.464031483832071,-2.928643418446424,-1.016182347930252,-0.3465288882513117,0.17656443639062885,0.17656443639062885,0.0,2.9123330068707096,2.9123330068707096,1.0,True,accepted,0.0,False,0,4.737775484990101,-2.9046402165401437
18.76462920884746,-3.4111100353910135,-7.793895650628223,4.349874086703771,-2.967572293754193,-1.016182347930252,-0.3465288882513117,0.21767977337400182,0.21767977337400182,0.0,607.9745646453432,607.9745646453432,1.0,False,rejected,0.11233948056745291,False,0,4.691567755613904,-2.928617726857081
18.852752234643603,5.0327744804202394,-3.0925011536851823,4.584983331653879,-3.0377820247838594,-0.44051772807020273,-0.4168738841826368,0.19449098652812033,0.19449098652812033,0.0,3.900678450272804,3.900678450272804,1.0,True,accepted,0.0,False,0,4.654767046122516,-2.944887640648232
18.974592892170293,5.238052182619023,-2.9629777097946937,4.808961153288613,-3.039232335236358,0.044227584107913165,-0.33072882477082227,0.1880357025198117,0.1880357025198117,0.0,3.475932106426832,3.475932106426832,1.0,True,accepted,0.0,False,0,4.598525051971446,-2.963784519433569
19.061641420920576,4.646668039853193,-2.4865838643454037,4.754968350311951,-2.8655940278470164,-0.05796689992631879,0.026913253434733553,0.177012777075951,0.177012777075951,0.0,2.648491436432775,2.648491436432775,1.0,True,accepted,0.0,False,0,4.5531777583106665,-2.9752629431766033
19.14277931754115,4.524980219401431,-3.2797983274050253,4.678630510107783,-2.995810550316747,-0.18797736521677622,-0.21338165825281974,0.1691673292392141,0.1691673292392141,0.0,1.6984908438115618,1.6984908438115618,1.0,True,accepted,0.0,False,0,4.507741758840303,-2.984660249388795
19.259334951147398,4.396582605512833,-2.9985013211781557,4.571108025003755,-3.013381821697779,-0.3478576390404886,-0.19974984172631646,0.1721029412286894,0.1721029412286894,0.0,0.5081195403108211,0.5081195403108211,1.0,True,accepted,0.0,False,0,4.439677052575491,-2.9946528397789494
19.341999166978624,3.9797144135854494,-3.0693376042719547,4.367740627212169,-3.042135119490844,-0.6793185570532958,-0.2229868300047691,0.16712587786255084,0.16712587786255084,0.0,2.437681637985047,2.437681637985047,1.0,True,accepted,0.0,False,0,4.391290878871632,-2.998791409941028
19.42596258238651,1.6827206454993329,2.2693817107349052,4.310702721012017,-3.060857855329022,-0.6793185570532958,-0.2229868300047691,0.19646614593648792,0.19646614593648792,0.0,274.6347818726978,274.6347818726978,1.0,False,rejected,0.08396341540788654,False,0,4.343346941879553,-3.0002870501669183
19.530931721962553,4.30565188088727,-3.083903868968699,4.265230491969722,-3.084123935742863,-0.6314494481666039,-0.22272621549703162,0.18733240816159794,0.18733240816159794,0.0,0.029758499676092575,0.029758499676092575,1.0,True,accepted,0.0,False,0,4.285391157219497,-2.9982928213331195
19.649659824004427,4.203292565732318,-2.9330447097405488,4.1951689772568255,-3.0436975968535775,-0.6225431218937652,-0.10141151342499788,0.18412389115394165,0.18412389115394165,0.0,0.2194368416330499,0.2194368416330499,1.0,True,accepted,0.0,False,0,4.222476461967298,-2.9910371675692202
19.734481557290156,4.376712448723666,-3.299057855279839,4.2218616033239895,-3.1360070374663045,-0.4777751653482994,-0.2538455130393248,0.17473005315973525,0.17473005315973525,0.0,0.8502582212714294,0.8502582212714294,1.0,True,accepted,0.0,False,0,4.1792849704501736,-2.9829526522902023
19.82499774093516,3.832315143934742,-2.6654763028274586,4.067265742767284,-3.000301433060381,-0.6840510143273824,0.04011559342950499,0.17011360603584494,0.17011360603584494,0.0,2.740024933502606,2.740024933502606,1.0,True,accepted,0.0,False,0,4.134939903003792,-2.9720782063455737
19.93886798284722,1.3452413068472988,-11.023010294643054,3.9893726882856346,-2.9957334607321178,-0.6840510143273824,0.04011559342950499,0.21078790996349778,0.21078790996349778,0.0,531.3381260347109,531.3381260347109,1.0,False,rejected,0.11387024191206052,False,0,4.082322465500038,-2.956580859542306
20.06245930415027,4.1526482602952886,-2.84521238003517,4.0131121829899,-2.9271728584528014,-0.49282423609343967,0.15243807327114647,0.19830478557407533,0.19830478557407533,0.0,0.516778042935536,0.516778042935536,1.0,True,accepted,0.0,False,0,4.028553519367934,-2.9381833685705674
20.162496363460388,3.506526363624386,-2.9071423949067032,3.7884788260088462,-2.9100902639564703,-0.7990353565237933,0.15563957141369597,0.18576296610530738,0.18576296610530738,0.0,1.4327418085569357,1.4327418085569357,1.0,True,accepted,0.0,False,0,3.9869202779444874,-2.9223020829160373
20.24469123858795,4.141813362930518,-2.855619606289727,3.8648226227485893,-2.883171110775041,-0.5470340241474598,0.18070544847049363,0.17465613439300556,0.17465613439300556,0.0,1.3023388496916473,1.3023388496916473,1.0,True,accepted,0.0,False,0,3.953669674431196,-2.9084574091040887
20.32038805297336,4.069318977058663,-3.3807797640751436,3.8992261228263234,-3.0271215792143638,-0.4085157023066368,-0.10730276030041097,0.16657397228919904,0.16657397228919904,0.0,2.4738633368890857,2.4738633368890857,1.0,True,accepted,0.0,False,0,3.9228463458115193,-2.8948733325213882
20.406870854473304,3.931330043587516,-3.0394510881243146,3.884045132839563,-3.0373126382660947,-0.3704097146447471,-0.10902609534797536,0.16398561372812742,0.16398561372812742,0.0,0.035501208166437,0.035501208166437,1.0,True,accepted,0.0,False,0,3.8864932555646057,-2.8783200191273304
20.48846196536263,3.641794375234774,-2.6761127912354326,3.7922492018792338,-2.9387313047075843,-0.4900041270191086,0.09972564427916189,0.1616672161654341,0.1616672161654341,0.0,1.4343848287679126,1.4343848287679126,1.0,True,accepted,0.0,False,0,3.850631436308134,-2.8626933020470666
20.597344899043275,4.169280949574216,-2.3820207734011696,3.871722162600988,-2.7594111432571213,-0.22830077682041228,0.43164097814867886,0.16666115980291787,0.16666115980291787,0.0,3.711823546747131,3.711823546747131,1.0,True,accepted,0.0,False,0,3.7996544011192572,-2.844276256752052
20.6784365242747,13.51366728087564,-5.55545237251773,3.8532088815670233,-2.724408674822562,-0.22830077682041228,0.43164097814867886,0.19574881329161112,0.19574881329161112,0.0,789.753444246985,789.753444246985,1.0,False,rejected,0.08109162523142643,False,0,3.758510504757939,-2.8335602218921947
20.77875302085573,3.7280548709773975,-2.6576261399381593,3.790863383917097,-2.6720499470402346,-0.30259720377090904,0.44870295399479126,0.1863253330816546,0.1863253330816546,0.0,0.07512192275984901,0.07512192275984901,1.0,True,accepted,0.0,False,0,3.7038281436066396,-2.823746505810379
20.888466142637874,3.595306000509711,-2.826031916492153,3.6979677850440944,-2.6975387366226027,-0.41230971298022917,0.31138497103053275,0.18191099816492023,0.18191099816492023,0.0,0.47532428649842406,0.47532428649842406,1.0,True,accepted,0.0,False,0,3.639717369090649,-2.816423879963116
20.99252197309892,3.7454855089218806,-2.8599540772279695,3.686756914394946,-2.7334201909474616,-0.35435495164043956,0.186518349585682,0.1776086023076257,0.1776086023076257,0.0,0.3329024174100083,0.3329024174100083,1.0,True,accepted,0.0,False,0,3.575316553864213,-2.8110933912165557
21.077510755681924,3.229678312974412,-2.9463348913545455,3.5182260974033683,-2.7917308458520327,-0.6099786944773145,0.04955502183985688,0.17081162347651035,0.17081162347651035,0.0,1.7618589829302482,1.7618589829302482,1.0,True,accepted,0.0,False,0,3.52048948490255,-2.8066962088845173
21.192716981991037,3.5704306339978036,-2.7918723249002757,3.488741265852321,-2.7879701853406758,-0.5337044610842319,0.04591155255789041,0.17312562538162068,0.17312562538162068,0.0,0.11142189119661967,0.11142189119661967,1.0,True,accepted,0.0,False,0,3.4438033866883058,-2.7993314812868735
21.303487338471825,3.416130497459151,-2.5616355762199943,3.425089519492674,-2.708548900185628,-0.54221543580212,0.18547763257351452,0.17389183329563979,0.17389183329563979,0.0,0.36250331058465846,0.36250331058465846,1.0,True,accepted,0.0,False,0,3.367419065772362,-2.789965234992574
21.415436538667603,-2.8429690902936273,-6.167263544646763,3.364388935120822,-2.687784827564817,-0.54221543580212,0.18547763257351452,0.21491107276902666,0.21491107276902666,0.0,371.82808650382606,371.82808650382606,1.0,False,rejected,0.11194920019577737,False,0,3.2879345270977196,-2.7771911625154995
21.496989426245467,3.3106967029805157,-3.0758323593903034,3.3162913682505195,-2.837721640887009,-0.5492089349638913,-0.11216789756924317,0.19195527597209455,0.19195527597209455,0.0,1.0672554879204719,1.0672554879204719,1.0,True,accepted,0.0,False,0,3.229024283850355,-2.764535514193867
21.578177116427984,3.5801187678664865,-2.8298378279062377,3.3809898719386764,-2.8408077133813783,-0.3530495868650332,-0.10136160261392524,0.17858204112420803,0.17858204112420803,0.0,0.6844555729940255,0.6844555729940255,1.0,True,accepted,0.0,False,0,3.1699375198856488,-2.7481975426782546
21.69955524397831,2.576164659063588,-2.9527002624800267,3.0674610285679225,-2.8884880631609873,-0.8430149952047838,-0.16539984594857116,0.17880378042278347,0.17880378042278347,0.0,4.230547636956985,4.230547636956985,1.0,True,accepted,0.0,False,0,3.0826108250275914,-2.7165779950151476
21.794434153669556,2.707506820128341,-2.5903727016730933,2.8937948444662434,-2.799176358858737,-1.014692618198336,0.027027529162617997,0.1735374925883472,0.1735374925883472,0.0,1.3075484173412644,1.3075484173412644,1.0,True,accepted,0.0,False,0,3.017926993269497,-2.6863847536076966
21.884481588258602,2.875428820498774,-2.6743505256733573,2.825690160022001,-2.7577374747857726,-0.971274046568724,0.09981883854464094,0.1693578930970825,0.1693578930970825,0.0,0.15374494244407783,0.15374494244407783,1.0,True,accepted,0.0,False,0,2.960203339347911,-2.6544124454245934
21.983910790526178,3.080998157123,-2.4338096484512395,2.8407465059108614,-2.6481995120156,-0.759313259228517,0.2889631963444407,0.16897114326715157,0.16897114326715157,0.0,1.687322604300208,1.687322604300208,1.0,True,accepted,0.0,False,0,2.899722947551572,-2.61649395408572
22.092054001164357,2.921460709594691,-2.3703674730199538,2.81149277463862,-2.5368993550238366,-0.6581480815663923,0.4421644675701004,0.17093174012796375,0.17093174012796375,0.0,0.6552201560550149,0.6552201560550149,1.0,True,accepted,0.0,False,0,2.8362432867055594,-2.573321862879412
22.214835164016705,0.2397395922195198,-7.587374604824558,2.730684587854856,-2.4826098875235902,-0.6581480815663923,0.4421644675701004,0.21650348559697669,0.21650348559697669,0.0,235.71669223542364,235.71669223542364,1.0,False,rejected,0.1227811628523483,False,0,2.7659510817390256,-2.5221509405356026
22.304157475360807,2.581708130907485,-3.0592591048147177,2.6339678278400465,-2.702237020214543,-0.7266938892343318,-0.026119287993788987,0.19455051955772512,0.19455051955772512,0.0,2.4965600535791586,2.4965600535791586,1.0,True,accepted,0.0,False,0,2.7157287345645793,-2.482785279655378
22.425397896826407,2.6235547491216806,-2.3534015385218767,2.576468790479351,-2.566736853242931,-0.6727319842651835,0.21836930927545567,0.18829333236351697,0.18829333236351697,0.0,0.8750298033894791,0.8750298033894791,1.0,True,accepted,0.0,False,0,2.648292430727561,-2.426188049297009
22.50164087139572,2.8768708185318244,-1.9612531215466587,2.6449609627668917,-2.349536378972383,-0.4597356934043767,0.5749858634199245,0.17508034156243282,0.17508034156243282,0.0,3.446619095786242,3.446619095786242,1.0,True,accepted,0.0,False,0,2.6056996800945655,-2.3900745487391406
22.604400773512058,2.5569545421161592,-2.419970141533603,2.584231690293318,-2.3333026497125138,-0.48432086335579033,0.49687157515761876,0.17255932338587107,0.17255932338587107,0.0,0.13707816916010582,0.13707816916010582,1.0,True,accepted,0.0,False,0,2.547378372208746,-2.342199970899995
22.711099529096114,2.5716081700839695,-2.3772672980722733,2.5454266793506135,-2.312250716502861,-0.4603856838034833,0.43743326549107003,0.17222960648293537,0.17222960648293537,0.0,0.08141984813571264,0.08141984813571264,1.0,True,accepted,0.0,False,0,2.485993623214228,-2.2933538775047313
22.79139439928365,-6.503220370266946,1.8171009978683519,2.5084600706334124,-2.2771270692345453,-0.4603856838034833,0.43743326549107003,0.20036500802534418,0.20036500802534418,0.0,752.7929027595591,752.7929027595591,1.0,False,rejected,0.08029487018753656,False,0,2.439626111811586,-2.257145460858321
22.873411379136847,2.1513898653154304,-1.8968736093174619,2.350173110277427,-2.1112612442680634,-0.6823219805401703,0.6767914557458354,0.1843136847525875,0.1843136847525875,0.0,1.5255965974127448,1.5255965974127448,1.0,True,accepted,0.0,False,0,2.3926173374652766,-2.2208505401139176
22.969367095102662,2.4580687902507687,-2.375999953835253,2.345349812791255,-2.1616513240113067,-0.5710532054946793,0.46520055942355076,0.17743919521048418,0.17743919521048418,0.0,1.0023168455039944,1.0023168455039944,1.0,True,accepted,0.0,False,0,2.338578407124578,-2.1793342577483608
23.09267869070982,2.464496525031419,-1.8153807783919453,2.3423775718127273,-2.0014965634359823,-0.44720692298951503,0.6539488862451587,0.17894466520842575,0.17894466520842575,0.0,0.8546592611731674,0.8546592611731674,1.0,True,accepted,0.0,False,0,2.2705668719590424,-2.126289195174305
23.197480818371538,2.13239786417561,-2.1973380425477673,2.239390503601929,-2.02392067156323,-0.550641071703049,0.4862992401003192,0.17596784344625363,0.17596784344625363,0.0,0.7033249045824468,0.7033249045824468,1.0,True,accepted,0.0,False,0,2.2144889358855555,-2.0806243096850823
23.319131979451548,1.76179837179744,-2.0630178130717267,2.0282240676135825,-1.999263447336034,-0.8170363380784887,0.4225521559809352,0.1777712735800336,0.1777712735800336,0.0,1.2851137821563083,1.2851137821563083,1.0,True,accepted,0.0,False,0,2.1530966693728453,-2.0244744812127604
23.434350025232195,2.1040315151984115,-2.1235279841347134,1.9936249642741526,-2.0111689458071322,-0.7070421789901843,0.3106128024430161,0.17756824041519748,0.17756824041519748,0.0,0.4243947954874757,0.4243947954874757,1.0,True,accepted,0.0,False,0,2.099565441459502,-1.966006247053848
23.53271910530996,2.0053568740607366,-2.152862698181575,1.9513653584022828,-2.0384481840960658,-0.6563532068514966,0.2031967752021917,0.17383409590314836,0.17383409590314836,0.0,0.267736830755529,0.267736830755529,1.0,True,accepted,0.0,False,0,2.0564008723628406,-1.9107857694883785
23.646957277772568,1.7345727896945722,-1.6805788039961869,1.828140326796316,-1.9013851829959512,-0.7464431431869281,0.41579649987930056,0.1749800095472879,0.1749800095472879,0.0,0.9684810991466306,0.9684810991466306,1.0,True,accepted,0.0,False,0,2.0074753016293863,-1.840306523372553
23.722849116971418,2.477121363360837,-2.081533631306338,1.991431818838447,-1.9358164326514926,-0.331521572332882,0.2913111992418841,0.16748861162770637,0.16748861162770637,0.0,4.150733539661385,4.150733539661385,1.0,True,accepted,0.0,False,0,1.9745452719253707,-1.7902583507436012
23.803306316809703,2.129677006157139,-1.5749328457716436,2.013869380344598,-1.8118908961074307,-0.2371692188411434,0.48436886337348295,0.16371005394537358,0.16371005394537358,0.0,1.1006582974785402,1.1006582974785402,1.0,True,accepted,0.0,False,0,1.9379936633923147,-1.734770959113002
23.91977774755384,1.730789897333292,-1.513173956454029,1.9046973613687725,-1.678126375176229,-0.39537961780137487,0.6344325085438254,0.16950064937255704,0.16950064937255704,0.0,0.9377109081577109,0.9377109081577109,1.0,True,accepted,0.0,False,0,1.8817106300561413,-1.651458126523419
24.0346186019701,2.023166030237896,-10.934755779202991,1.8592916282416891,-1.6052676038256064,-0.39537961780137487,0.6344325085438254,0.21199331848667638,0.21199331848667638,0.0,645.2160324105348,645.2160324105348,1.0,False,rejected,0.1148408544162578,False,0,1.8230635523367291,-1.567077155304928
24.12125063906842,9.513329283581026,-1.671160694122889,1.8250390865244,-1.5503054232090558,-0.39537961780137487,0.6344325085438254,0.24953326171994214,0.24953326171994214,0.0,388.2947119065266,388.2947119065266,1.0,False,rejected,0.20147289151458025,False,0,1.7768677583201888,-1.5022403896534784
24.222789118598374,5.878551049170289,5.011997542261755,1.7848928412957143,-1.4858861109271417,-0.39537961780137487,0.6344325085438254,0.29852649011465393,0.29852649011465393,0.0,329.282975418677,329.282975418677,1.0,False,rejected,0.30301137104453346,False,0,1.7205561630535575,-1.4251139856818873
24.328089909633373,3.08925865161628,4.178351209701159,1.743259054782114,-1.4190798659191581,-0.39537961780137487,0.6344325085438254,0.35424527766423275,0.35424527766423275,0.0,153.8029287951914,153.8029287951914,1.0,False,rejected,0.40831216207953247,False,0,1.6596572590561938,-1.3440157209333619
24.446476857322175,-7.443765870821615,-3.010114495437321,1.6964512686522444,-1.3439713377181053,-0.39537961780137487,0.6344325085438254,0.4221168387053094,0.4221168387053094,0.0,321.8687348288751,321.8687348288751,1.0,False,rejected,0.5266991097683338,False,0,1.5881085591678954,-1.2517242403287814
24.551632215189112,-6.300025862917927,-0.32698785219095605,1.6548749834490477,-1.2772573602397603,-0.39537961780137487,0.6344325085438254,0.48656965998202234,0.48656965998202234,0.0,196.42984829959283,196.42984829959283,1.0,False,rejected,0.6318544676352715,False,0,1.5217842641172072,-1.1689734066934332
24.647260793652798,-3.8925345790925228,-3.3946430376046166,1.617065392645187,-1.2165874813165642,-0.39537961780137487,0.6344325085438254,0.5483079748510198,0.5483079748510198,0.0,89.85119527574545,89.85119527574545,1.0,False,rejected,0.727483046098957,False,0,1.4591751089362173,-1.093257655750562
24.740969995823157,8.5712833391552,1.2643466714134006,1.5800146841065987,-1.1571353171099827,-0.39537961780137487,0.6344325085438254,0.6115102159151999,0.6115102159151999,0.0,117.99123304198588,117.99123304198588,1.0,False,rejected,0.8211922482693161,False,0,1.3956782032565467,-1.0187802354811166
24.837264100141834,-7.010499578550121,4.963942919605959,1.5419419579445546,-1.096043206949104,-0.39537961780137487,0.6344325085438254,0.6790937779108451,0.6790937779108451,0.0,199.335985558426,199.335985558426,1.0,False,rejected,0.9174863525879928,False,0,1.3281935892465357,-0.9421037456791835
24.944860651420832,-6.201868714580897,-5.607461085473962,1.4994004746231182,-1.0277804570105047,-0.39537961780137487,0.6344325085438254,0.7576177831803071,0.7576177831803071,0.0,120.91095040513792,120.91095040513792,1.0,False,rejected,1.0250829038669913,True,0,1.2500756167660665,-0.856435709765427
25.063235183008448,-4.260565811719028,-3.9786500284268604,1.45259759756659,-0.9526798059876732,-0.39537961780137487,0.6344325085438254,0.8475028591844125,0.8475028591844125,0.0,51.71191848561193,51.71191848561193,1.0,False,rejected,1.1434574354546072,True,0,1.1607841898477764,-0.762436382074634
25.16093002711226,-2.209603270837941,-4.99548145444889,1.4139710474436593,-0.890699020971093,-0.39537961780137487,0.6344325085438254,0.9243267490104318,0.9243267490104318,0.0,31.745199606917332,31.745199606917332,1.0,False,rejected,1.2411522795584204,True,0,1.084416839186605,-0.6852460339448858
25.24832200525983,-1.1170481874884832,-10.1644416084998,1.3794180405247676,-0.835254709048324,-0.39537961780137487,0.6344325085438254,0.9949997624363435,0.9949997624363435,0.0,86.35551274944218,86.35551274944218,1.0,False,rejected,1.328544257705989,True,0,1.0140300916786273,-0.6166297871278975
25.33515512340971,-5.616110380893707,-8.545843681881891,1.3450859954581666,-0.7801649560758135,-0.39537961780137487,0.6344325085438254,1.0669910778938858,1.0669910778938858,0.0,88.53616659503354,99.78350556199226,1.0,False,rejected,1.4153773758558685,True,0,0.9421349170263786,-0.5489724305207384
25.44745583742188,1.9804383324932486,-7.747140569033899,1.3006845820732127,-0.7089177323738088,-0.39537961780137487,0.6344325085438254,1.162637419883241,1.162637419883241,0.0,34.67971988583045,45.87031730247129,1.0,False,rejected,1.52767808986804,True,0,0.8462277094046626,-0.4624187934774597
25.563284275593077,-5.454618989566592,-6.418928423085423,1.2548883784585552,-0.6354324057841437,-0.39537961780137487,0.6344325085438254,1.2642005077473113,1.2642005077473113,0.0,46.479196427189144,71.98744523277385,1.0,False,rejected,1.6435065280392358,True,0,0.7438111677501843,-0.3744971145646251
25.643548179585782,-6.722373024605003,-1.8541840998966406,1.2231536667746732,-0.584510375828531,-0.39537961780137487,0.6344325085438254,1.3362661680765069,1.3362661680765069,0.0,34.51866855999495,59.39767501744573,1.0,False,rejected,1.723770432031941,True,0,0.6707352642167863,-0.31451111110565466
25.721876122433542,-5.192559637691356,-4.918921694257835,1.1921843946683577,-0.5348165825585489,-0.39537961780137487,0.6344325085438254,1.4078943601892389,1.4078943601892389,0.0,28.948124166943796,55.03241650383558,1.0,False,rejected,1.8020983748797015,True,0,0.5977436587326139,-0.25680858515097
25.826597805621365,5.125685429030855,3.5434921417533762,1.1507795755940398,-0.46837774239476704,-0.39537961780137487,0.6344325085438254,1.5056238740613126,1.5056238740613126,0.0,13.532577762400972,29.26144634038632,1.0,False,rejected,1.9068200580675239,True,0,0.49754256455207924,-0.18109389938396092
25.908906467831,-0.45158244077464726,5.522916381759832,1.1182364081878522,-0.4161584513542225,-0.39537961780137487,0.6344325085438254,1.5839831476503965,1.5839831476503965,0.0,14.519778055267011,34.62104687329053,1.0,False,rejected,1.989128720277158,True,0,0.4166683635516646,-0.12284737367438076
26.025139677353817,0.48403694313122214,0.22760007877804414,0.5018655520078454,0.21032389248113115,-0.725741248663093,0.9545578262068586,0.29541878682613315,0.29541878682613315,0.0,0.22594742141188817,0.6155493483594239,1.0,True,accepted,0.0,False,0,0.299251528183465,-0.04268250838151716
26.115656411050022,0.2305125997108467,0.13322264454606997,0.32820977646244165,0.2108938147784798,-0.8177525929061042,0.8814070042523734,0.2173625026754627,0.2173625026754627,0.0,0.3643569197983786,0.3643569197983786,1.0,True,accepted,0.0,False,0,0.2053115716282133,0.018087148171365697
26.19785000769858,0.14300209792905785,-0.3163052580771664,0.21553489519739438,0.05230724531735853,-0.8755922332296364,0.5874652921159891,0.18621331470481878,0.18621331470481878,0.0,2.5510565046814353,2.5510565046814353,1.0,True,accepted,0.0,False,0,0.11864853455254758,0.07275003303810715
26.318898531322954,0.11017056269914174,-0.3067117161707828,0.1097718958128985,-0.03226408752182178,-0.8751829140871474,0.3056845074731784,0.18048528104390182,0.18048528104390182,0.0,1.3116513146544577,1.3116513146544577,1.0,True,accepted,0.0,False,0,-0.009957435304033702,0.15396863581238798
26.40217511745972,-0.3983710336674802,0.551003827858318,-0.10829944817106554,0.1792604392952919,-1.169740987193002,0.6831775874574617,0.17326607566882657,0.17326607566882657,0.0,3.706883485644545,3.706883485644545,1.0,True,accepted,0.0,False,0,-0.09802162262959285,0.21014374959052018
26.49141112157662,0.027858174996600343,0.6702707679237214,-0.13395953898903962,0.3809678493611853,-1.0007502248114122,0.9853047128687161,0.17162384508591358,0.17162384508591358,0.0,1.8148598069364041,1.8148598069364041,1.0,True,accepted,0.0,False,0,-0.19087413594895458,0.2692366751337125
26.574091791336222,-0.36518668234564255,-0.0623075461024577,-0.2641310907795593,0.2948208878278349,-1.1040242744241178,0.6203362926927127,0.16955167563314288,0.16955167563314288,0.0,2.248945916010577,2.248945916010577,1.0,True,accepted,0.0,False,0,-0.2750701231838729,0.32248481307173815
26.65486629451949,-0.4138938914645872,0.37181724760069274,-0.37224909183752697,0.35333457683148767,-1.1451204375993633,0.6385754692681245,0.16774021537838923,0.16774021537838923,0.0,0.03355626250753658,0.03355626250753658,1.0,True,accepted,0.0,False,0,-0.3549609189766144,0.37345827185157193
26.730923695336312,-0.3727235441016521,0.7356581200885635,-0.433089791016805,0.5030623509718067,-1.0886882881573925,0.8560128597491973,0.16516208335282345,0.16516208335282345,0.0,0.920655409419674,0.920655409419674,1.0,True,accepted,0.0,False,0,-0.42756299246644563,0.42032290748277296
26.808693465794526,-0.5606550995703942,0.5565975744377678,-0.5305148896989369,0.5657571250639253,-1.1158037966467942,0.847772509936707,0.16360391471651836,0.16360391471651836,0.0,0.0156930353826538,0.0156930353826538,1.0,True,accepted,0.0,False,0,-0.4988093595240489,0.4668843730351848
26.892425539341318,-0.8089538484807808,0.645589336474014,-0.6790528490325648,0.6393779872687257,-1.2313144485521335,0.8532957699498109,0.16373292051166027,0.16373292051166027,0.0,0.2676442605258229,0.2676442605258229,1.0,True,accepted,0.0,False,0,-0.571681120330906,0.5159051643910617
26.970094635972675,-0.5671275586987401,0.3405644380824413,-0.7140933967905841,0.5990699606430537,-1.1057230972673298,0.6323868953807259,0.1620935587164305,0.1620935587164305,0.0,1.3875735061059644,1.3875735061059644,1.0,True,accepted,0.0,False,0,-0.6354856463626068,0.561103142049289
27.074651826778222,-0.7137052735066172,0.5840015025489013,-0.7937217284365432,0.64000574945273,-1.0325995517998319,0.5812070587029892,0.16708668269463284,0.16708668269463284,0.0,0.15365327330093606,0.15365327330093606,1.0,True,accepted,0.0,False,0,-0.7159524343173477,0.6230571242154003
27.183687553118197,-6.874545181551988,0.19124272564058975,-0.9063119705853708,0.7033780832523311,-1.0325995517998319,0.5812070587029892,0.2082313654821775,0.2082313654821775,0.0,269.061256329064,269.061256329064,1.0,False,rejected,0.10903572633997527,False,0,-0.7936391629784214,0.6902317936648782
27.278369075959798,-0.8181154666420186,0.7085722156732951,-0.9279329285089948,0.7380014787797053,-0.8910365016501858,0.5432705030935875,0.19196979927419552,0.19196979927419552,0.0,0.2432086752779261,0.2432086752779261,1.0,True,accepted,0.0,False,0,-0.8562466565773773,0.7514747751418309
27.3692686308074,-1.4826487012298306,0.5764744140798957,-1.1814026648472042,0.7105952186736209,-1.204435316514917,0.40373903667791244,0.1810184859453648,0.1810184859453648,0.0,1.899933253497364,1.899933253497364,1.0,True,accepted,0.0,False,0,-0.9123365077377534,0.8134149418211649
27.469494942658514,-1.0037012478011254,0.7079728584494234,-1.1993810687821567,0.7362264961024126,-1.0178467078495368,0.3767980526102803,0.17602486622545674,0.17602486622545674,0.0,0.6623518957844231,0.6623518957844231,1.0,True,accepted,0.0,False,0,-0.9702700849735395,0.8855689690472077
27.588245189770245,-0.5946486924841907,0.9453031305372402,-1.0681327074830402,0.8380701356164535,-0.5573235738413713,0.48109571277547597,0.17683730612141893,0.17683730612141893,0.0,4.01314111754306,4.01314111754306,1.0,True,accepted,0.0,False,0,-1.0374407111951787,0.9751960246802167
27.705801771111354,-0.7059594644233367,1.092741285142905,-0.9843778821918712,0.9637719913629117,-0.28359679853401815,0.6078917386382949,0.17723339479797465,0.17723339479797465,0.0,1.6069736772644867,1.6069736772644867,1.0,True,accepted,0.0,False,0,-1.1070322320761996,1.0657261754900327
27.78297552421199,-1.1359129983148029,1.0992844431079734,-1.0473856109560673,1.038786796160659,-0.3599040188574819,0.6600383953102351,0.16895510937382005,0.16895510937382005,0.0,0.18708353572359257,0.18708353572359257,1.0,True,accepted,0.0,False,0,-1.1553654492407763,1.1246382354910396
27.867050444691817,-1.205300478057899,1.6974377946129837,-1.1163727537958499,1.2772655223666827,-0.433302386603611,1.006836418210073,0.16523977090358632,0.16523977090358632,0.0,2.9420284169246025,2.9420284169246025,1.0,True,accepted,0.0,False,0,-1.2099745987377337,1.187177636806726
27.953887688247036,-1.9635018251637928,0.6385419307474219,-1.3286964835094122,1.2079865850434421,-0.7710848364230579,0.7038326503724959,0.17296156631251627,0.17296156631251627,0.0,9.228316337657656,9.228316337657656,1.540243836060429,True,downweighted,0.0,False,0,-1.2676965481690337,1.2491063996146405
28.041357067038646,-1.4920552993916494,1.3004427281254831,-1.4266685365321452,1.2793823875600683,-0.8300322374353484,0.7228189449445702,0.16924535173720054,0.16924535173720054,0.0,0.07691123708297701,0.07691123708297701,1.0,True,accepted,0.0,False,0,-1.3265736377248347,1.3087908479844044
28.144918699625784,-1.1946801491949928,1.5048499227736414,-1.4100892480454763,1.402811097407745,-0.6321565044809058,0.8165522527149248,0.17036774092330786,0.17036774092330786,0.0,0.9317451002594109,0.9317451002594109,1.0,True,accepted,0.0,False,0,-1.3980888833626857,1.3750649918969917
28.240731820910945,-1.5839676285987472,1.7297264514600514,-1.5067671841785737,1.5602955965132506,-0.7017837864105227,0.9693623821586129,0.1693542610391451,0.1693542610391451,0.0,0.5653491954930012,0.5653491954930012,1.0,True,accepted,0.0,False,0,-1.4675910764761333,1.431014673643157
28.318194526907323,-1.2136474240727693,1.528071258470487,-1.4565541259044388,1.6030888044093432,-0.4989928080465531,0.9067338856178012,0.16457710146072663,0.16457710146072663,0.0,1.027289792605394,1.027289792605394,1.0,True,accepted,0.0,False,0,-1.526886050272166,1.4721274422533044
28.4118752338303,-1.2990530320097768,1.6130319472254868,-1.4414453635334268,1.6653189663440848,-0.37810252489061263,0.862342502465419,0.16509346426676627,0.16509346426676627,0.0,0.3667195931063953,0.3667195931063953,1.0,True,accepted,0.0,False,0,-1.6030939824135904,1.517464030633184
28.513062881266183,-1.8264340187522485,1.802776006989859,-1.5874865755633984,1.7681817776600548,-0.5889659118092838,0.8928707904729141,0.16726261550928034,0.16726261550928034,0.0,0.939851940986292,0.939851940986292,1.0,True,accepted,0.0,False,0,-1.6906991472706074,1.5622937446723744
28.59314647641137,-1.68014279949868,1.6423900225968566,-1.6482423153761543,1.7807474421743692,-0.6156179815571066,0.7772765699417967,0.16396913286561288,0.16396913286561288,0.0,0.3194279716147052,0.3194279716147052,1.0,True,accepted,0.0,False,0,-1.762940551966986,1.5960243115956474
28.7098194041008,-1.3517768821479859,0.9763783829480522,-1.6145603356589195,1.615019324784911,-0.4097398502013326,0.2769322676046887,0.17435561263351557,0.17435561263351557,0.0,7.064294544342131,7.064294544342131,1.179059725514356,True,downweighted,0.0,False,0,-1.8712428839388513,1.645830447809743
28.787417497424055,-2.2722053746035766,1.4011040209415768,-1.8427204032592446,1.562648780981873,-0.7900947937852778,0.13386707978430545,0.16804214054599592,0.16804214054599592,0.0,3.4091285737891446,3.4091285737891446,1.0,True,accepted,0.0,False,0,-1.9440487289555601,1.6815110819199994
28.908659590874958,4.372131425116445,-4.824264888696966,-1.9385131500824309,1.5788791059790812,-0.7900947937852778,0.13386707978430545,0.21268060208687267,0.21268060208687267,0.0,597.6682093749711,597.6682093749711,1.0,False,rejected,0.12124209345090264,False,0,-2.055187642876268,1.742159325611095
28.988615247953952,-2.4363748430756225,1.576994509728352,-2.1773984968280446,1.584494124498219,-1.1118848747844967,0.12454846177449186,0.1907363883829453,0.1907363883829453,0.0,1.251873464137654,1.251873464137654,1.0,True,accepted,0.0,False,0,-2.1249513025427635,1.784615417118862
29.10579399553384,-2.321852756314406,2.6749355945724433,-2.3121961566304243,1.9415055158992454,-1.1199382467926102,0.7362115169690729,0.19489124668329122,0.19489124668329122,0.0,7.944570339458864,7.944570339458864,1.3259813651561418,True,downweighted,0.0,False,0,-2.2199068458230586,1.84852625866673
29.225926652730223,-4.0742861792978164,-3.2898701745746344,-2.4467373141134785,2.0299485616913198,-1.1199382467926102,0.7362115169690729,0.24131195527765087,0.24131195527765087,0.0,208.7909458991704,208.7909458991704,1.0,False,rejected,0.12013265719638255,False,0,-2.3074295256389523,1.9136859110797275
29.349905186759553,-2.3368039624880543,1.7237245626589135,-2.4621436459174983,1.9239898388509329,-0.9185257087872706,0.4143985328563376,0.21132141108064958,0.21132141108064958,0.0,1.2309705034452723,1.2309705034452723,1.0,True,accepted,0.0,False,0,-2.387140886904339,1.9814634541806957
29.465006480773233,-2.8769021409793307,2.092648941248287,-2.6975877642050756,2.0224623946934086,-1.1295660872035589,0.4970031494583936,0.19436673131991103,0.19436673131991103,0.0,0.7100474836028821,0.7100474836028821,1.0,True,accepted,0.0,False,0,-2.45137199290662,2.046249734600016
29.5789803578118,-2.679367900438469,2.1593053011286987,-2.7704591543237864,2.1095962008690523,-1.035964625069654,0.5480820869766065,0.18497297843587088,0.18497297843587088,0.0,0.19303776488579644,0.19303776488579644,1.0,True,accepted,0.0,False,0,-2.505885969253503,2.1120567725348574
29.68610452161158,2.2395586485631163,5.308055187263803,-2.881435998510524,2.1683090361300583,-1.035964625069654,0.5480820869766065,0.22243048094697818,0.22243048094697818,0.0,258.7023450837774,258.7023450837774,1.0,False,rejected,0.10712416379977796,False,0,-2.551262014942043,2.175250620600104
29.800054339340484,-2.4806845674249693,2.40058039120745,-2.7668293319935686,2.306917237715588,-0.644946296806238,0.6760732796635778,0.20089881861868422,0.20089881861868422,0.0,1.8261930897558014,1.8261930897558014,1.0,True,accepted,0.0,False,0,-2.597301106445361,2.2440384432658456
29.88178194976114,-2.4532870859494578,1.9321245298731171,-2.683356406159215,2.202267697096872,-0.4130397838429889,0.4037729144754163,0.1829331261968907,0.1829331261968907,0.0,2.227083632904135,2.227083632904135,1.0,True,accepted,0.0,False,0,-2.631282962965158,2.2945666202286312
29.983585351558524,-2.38811341533601,2.133731796329238,-2.6084665495851946,2.2053606155714487,-0.20659897294095184,0.3366664874272969,0.17664342874507769,0.17664342874507769,0.0,0.9130755149220295,0.9130755149220295,1.0,True,accepted,0.0,False,0,-2.676890189181286,2.359306063911892
30.084296495068045,-2.51955590151659,2.4142451705234507,-2.592740911924389,2.297529000974386,-0.13989988026569206,0.443038852015016,0.1731102590915724,0.1731102590915724,0.0,0.31613880923366866,0.31613880923366866,1.0,True,accepted,0.0,False,0,-2.7267691394169287,2.42438650801761
30.202175102274172,-3.197782345956021,2.3718624956925876,-2.809763775299251,2.3572867083085227,-0.5141546794796499,0.4570976079440821,0.17511403785707813,0.17511403785707813,0.0,2.5410074553771453,2.5410074553771453,1.0,True,accepted,0.0,False,0,-2.790895589062338,2.4990315045039373
30.300315070553847,-2.7376508683529552,2.690139378719606,-2.819711924942049,2.4973301382045383,-0.43771595083813564,0.6366967238695096,0.17246934253866475,0.17246934253866475,0.0,0.728734735508359,0.728734735508359,1.0,True,accepted,0.0,False,0,-2.848016694158967,2.5572345555009885
30.394569545358863,-2.9491083552585238,3.002437835399643,-2.889297279060055,2.700398361873859,-0.4917333431520409,0.9094787196588687,0.1700781151676742,0.1700781151676742,0.0,1.5523149926933637,1.5523149926933637,1.0,True,accepted,0.0,False,0,-2.906374144705457,2.6071746640741753
30.501547708920718,-9.149418777884648,-1.7360339247665726,-2.9419020090725923,2.7976927251015526,-0.4917333431520409,0.9094787196588687,0.20901172851394612,0.20901172851394612,0.0,441.9908202488701,441.9908202488701,1.0,False,rejected,0.10697816356185541,False,0,-2.977212687680471,2.6546536969574595
30.58987087479576,-2.8039788555149467,3.19483058741703,-2.9121487061267066,3.0058677967024767,-0.35749330298344095,1.143983736282555,0.19057558447718714,0.19057558447718714,0.0,0.8831374231944291,0.8831374231944291,1.0,True,accepted,0.0,False,0,-3.0397808301767957,2.686134174830743
30.67185929534346,-2.491679632873873,2.274726658886059,-2.7886893402780264,2.819468325531497,-0.07951375740897265,0.6341450435575245,0.1799777845519202,0.1799777845519202,0.0,6.348785767646016,6.348785767646016,1.0596383768490314,True,downweighted,0.0,False,0,-3.101374708712728,2.7093162567171314
30.770753159044645,-3.4186740405904077,3.1215366343070534,-3.0087012572533287,2.9638034981176986,-0.4679097790049327,0.7835767255124432,0.17518773754159483,0.17518773754159483,0.0,3.25341163153769,3.25341163153769,1.0,True,accepted,0.0,False,0,-3.1791906587392016,2.730990958013246
30.866597627474388,-3.516788023118477,2.3097792538256448,-3.2051712224737265,2.800254452583639,-0.7492765862548703,0.3407140800315853,0.17163318068123679,0.17163318068123679,0.0,5.577461348766138,5.577461348766138,1.0,True,accepted,0.0,False,0,-3.2554058368320193,2.7464214876265087
30.95322612450083,-3.3977539305287747,2.8589276513681154,-3.30991167662206,2.8388666081334093,-0.8244356933333776,0.35787859971917263,0.16756553903062493,0.16756553903062493,0.0,0.13111227905578457,0.13111227905578457,1.0,True,accepted,0.0,False,0,-3.322973545157619,2.7570511898742818
31.046601715006588,-3.3389091362396295,2.5647352208593084,-3.3720909578892675,2.77740754678877,-0.7960355027306973,0.1758531926729027,0.16662610790674134,0.16662610790674134,0.0,0.7444364184029783,0.7444364184029783,1.0,True,accepted,0.0,False,0,-3.3933144468812357,2.7655641688731887
31.1399213374979,-3.5662995775051476,2.5718468885840338,-3.483206164360663,2.725648602873253,-0.8674989709848774,0.04357791945197553,0.1662524195505612,0.1662524195505612,0.0,0.4900483876364854,0.4900483876364854,1.0,True,accepted,0.0,False,0,-3.4603074759140786,2.771417334598803
31.231296115718525,-3.682161866361768,3.4937933901131917,-3.5990049059052125,2.962868253875026,-0.9388933866803675,0.49940374174830027,0.16574013632341247,0.16574013632341247,0.0,4.618513087364123,4.618513087364123,1.0,True,accepted,0.0,False,0,-3.5219554249116656,2.774318145311165
31.325269319704873,-3.3844434188365264,3.0983530128676287,-3.594428713271825,3.036941024866141,-0.7568641287131275,0.5526397487566308,0.16608837365930681,0.16608837365930681,0.0,0.7668913390029833,0.7668913390029833,1.0,True,accepted,0.0,False,0,-3.580908859024221,2.773914484549999
31.43455648697767,-3.684277733972495,2.801499031833268,-3.679430223695168,3.002534009452118,-0.7613254971834129,0.3676187670027039,0.1698267232002126,0.1698267232002126,0.0,0.6612050102896505,0.6612050102896505,1.0,True,accepted,0.0,False,0,-3.6438231647409642,2.7716328800248435
31.524400310706234,-3.803662279411492,2.08082207627472,-3.763522353433296,2.767228319187309,-0.7918364818524654,-0.15412933900088477,0.17168827510302948,0.17168827510302948,0.0,6.982023769208427,6.982023769208427,1.16532839580576,True,downweighted,0.0,False,0,-3.6905415997762816,2.771888409225193
31.646843207042,-4.07325035640808,2.3569543580034007,-3.933891733341352,2.6133081630333033,-0.9318374104457786,-0.4116646817218788,0.1762195308060643,0.1762195308060643,0.0,1.4443239816646416,1.4443239816646416,1.0,True,accepted,0.0,False,0,-3.7463682321589387,2.7805769297028933
31.767660608018907,-4.403327192882954,2.562567106776731,-4.172571377851575,2.563216850801449,-1.1678209320802972,-0.41232914551055133,0.1783321281131376,0.1783321281131376,0.0,0.9149624844397752,0.9149624844397752,1.0,True,accepted,0.0,False,0,-3.7931006856995255,2.8004995285220917
31.86670612943391,-3.386513868855351,2.923257014046097,-4.017468934217488,2.6427535578907,-0.6638459264870606,-0.18827716677938638,0.17963776692126077,0.17963776692126077,0.0,7.154174271958328,7.154174271958328,1.1940610205916309,True,downweighted,0.0,False,0,-3.8276838413050585,2.8241505279904384
31.958124189684145,-3.447683366780428,3.072636418236878,-3.8667395431825113,2.7754661783462495,-0.27121539015620927,0.09015354786034485,0.1737232041614858,0.1737232041614858,0.0,4.411854477360121,4.411854477360121,1.0,True,accepted,0.0,False,0,-3.860456710962174,2.8499309877492123
32.05989592917564,-3.656152945348294,2.6916005444664024,-3.8158856965766392,2.7539949915974513,-0.12456516253803912,0.032869366604381486,0.17217636809717526,0.17217636809717526,0.0,0.4872417118504328,0.4872417118504328,1.0,True,accepted,0.0,False,0,-3.9009159633053634,2.881326226927729
32.17732395361432,-3.797707145027113,3.1927431836677176,-3.819388414649334,2.905328230016799,-0.10371669632946194,0.3092443692421261,0.17469853567538976,0.17469853567538976,0.0,1.3967189665763,1.3967189665763,1.0,True,accepted,0.0,False,0,-3.9540748333800404,2.9195621156522056
32.28495332064232,-4.1858309644503455,3.1511528744520754,-3.9503961523986764,3.0103074072460028,-0.32833506444275756,0.4436190554845315,0.1742391242814997,0.1742391242814997,0.0,1.2620066760662125,1.2620066760662125,1.0,True,accepted,0.0,False,0,-4.00837775310353,2.954632104699266
32.40017291203968,-3.904269040855507,2.826026828435302,-3.9594644061313247,2.980779296621711,-0.2745157455805203,0.29272463910693725,0.17559141248729496,0.17559141248729496,0.0,0.4562434384972684,0.4562434384972684,1.0,True,accepted,0.0,False,0,-4.070984818540633,2.991660639563713
32.50180902584297,-4.464372913359574,2.640461531073682,-4.146879003645813,2.8867776418825173,-0.5733238938096038,0.06090519722808835,0.1734833349139908,0.1734833349139908,0.0,2.695567396298833,2.695567396298833,1.0,True,accepted,0.0,False,0,-4.129305741936075,3.024469142595773
32.608454907306346,-4.156980479661042,3.096931027233117,-4.190999941822312,2.961190784183194,-0.5413401522420009,0.18852276018224257,0.17324567091196344,0.17324567091196344,0.0,0.3264554694280421,0.3264554694280421,1.0,True,accepted,0.0,False,0,-4.192699482237146,3.058677675706454
32.69786268801547,-3.3933727255708104,8.988027910454758,-4.239399963443009,2.9780461857842466,-0.5413401522420009,0.18852276018224257,0.2052401168791673,0.2052401168791673,0.0,278.79704112714836,278.79704112714836,1.0,False,rejected,0.08940778070912359,False,0,-4.247812168340214,3.085562173137653
32.80960734613098,-4.114373761072071,3.184837630392348,-4.223001035565714,3.0760891732697035,-0.4031803612364285,0.3268366797597995,0.1931369315522773,0.1931369315522773,0.0,0.44832926009865437,0.44832926009865437,1.0,True,accepted,0.0,False,0,-4.319724400588179,3.11446518646614
32.894727575787265,-3.8626400585448204,3.380603385841206,-4.1151839386469335,3.203555234715638,-0.14941674351998474,0.5047399388744749,0.18003241599137457,0.18003241599137457,0.0,1.6518009903770032,1.6518009903770032,1.0,True,accepted,0.0,False,0,-4.376968414834077,3.1313896658905827
33.004467482228186,-4.682935132113956,3.4983266798020702,-4.323877900912796,3.342434884880515,-0.4965527092427487,0.6554558807239543,0.17717079773579963,0.17717079773579963,0.0,2.6142811435528666,2.6142811435528666,1.0,True,accepted,0.0,False,0,-4.452739967321774,3.1451275236482763
33.12250343564448,-4.599443882638656,3.299814969918297,-4.458319428946217,3.3778640846326144,-0.6349617698778814,0.5789085186731834,0.1773610888781015,0.1773610888781015,0.0,0.44425048465473677,0.44425048465473677,1.0,True,accepted,0.0,False,0,-4.532505537018375,3.149681202467094
33.20410857750956,-4.459059281333495,2.856538016242219,-4.493746577401221,3.242667955100175,-0.6046128038313692,0.2410717388601475,0.16993692528254714,0.16993692528254714,0.0,2.459031310217087,2.459031310217087,1.0,True,accepted,0.0,False,0,-4.584506983068351,3.14785611460162
33.309827564536654,-5.072043615411538,2.919020608965824,-4.723990696539384,3.1552609517912606,-0.9182882892637997,0.02816502210391783,0.17059210201746705,0.17059210201746705,0.0,2.905667859398455,2.905667859398455,1.0,True,accepted,0.0,False,0,-4.645870453621635,3.1414887155759184
33.38958235194815,-5.034998404767541,3.252101588779174,-4.869697791137058,3.186338395380011,-1.0569268556112874,0.08332098705195837,0.16562261782264587,0.16562261782264587,0.0,0.5058258143002159,0.5058258143002159,1.0,True,accepted,0.0,False,0,-4.686201654205226,3.134334803775442
33.50086813336172,-4.746805036617392,-3.077672787013504,-4.987318722160748,3.1956108365322384,-1.0569268556112874,0.08332098705195837,0.20552654826802447,0.20552654826802447,0.0,298.0307617198258,298.0307617198258,1.0,False,rejected,0.11128578141357082,False,0,-4.733563047255891,3.1210511890452537
33.5800927943029,-4.56434696539433,2.719418454754038,-4.874408882056094,3.0148476357007565,-0.6911505798708267,-0.26519322815759794,0.1868890957628194,0.1868890957628194,0.0,3.3304626944064184,3.3304626944064184,1.0,True,accepted,0.0,False,0,-4.76192109855543,3.1094224922143154
33.70188978543793,-4.898314933867037,3.150259911318463,-4.935776715455093,3.046022763741079,-0.6497465029712666,-0.14998667120460968,0.1845610545479652,0.1845610545479652,0.0,0.2193310400695393,0.2193310400695393,1.0,True,accepted,0.0,False,0,-4.798617223926473,3.087793630396304
33.78376018193982,-4.757623205829875,3.4255484927454445,-4.9108091392381805,3.1661171959564243,-0.5074698841169344,0.09096892380915089,0.17437625300245532,0.17437625300245532,0.0,1.523176315394628,1.523176315394628,1.0,True,accepted,0.0,False,0,-4.819176941401934,3.069478468449775
33.906704194235274,-4.944369601111152,3.1799409184238696,-4.963188436383959,3.17821788522684,-0.48906697346864014,0.09265387537545738,0.1767828495777861,0.1767828495777861,0.0,0.006078819257112844,0.006078819257112844,1.0,True,accepted,0.0,False,0,-4.845111818718122,3.0347407055797526
34.02174840303953,-4.81972150564999,3.0945989515550387,-4.950071923288585,3.1561276599162955,-0.36104219228611456,0.032222926498612255,0.17681455211141206,0.17681455211141206,0.0,0.3537318864513212,0.3537318864513212,1.0,True,accepted,0.0,False,0,-4.865338980983369,2.9949963274777547
34.12643250326285,-5.027100961305024,2.817017134167915,-5.0011708259792815,3.0433699613771044,-0.3857236536427365,-0.1832298078409387,0.1746928832896825,0.1746928832896825,0.0,0.8726611120859039,0.8726611120859039,1.0,True,accepted,0.0,False,0,-4.8819157841367,2.9543646293464922
34.24056370849433,-4.974702902875297,2.552886616896525,-5.0210754260572354,2.861793968967839,-0.34078721165020187,-0.48257080451171586,0.17548076806700738,0.17548076806700738,0.0,1.6480312635662377,1.6480312635662377,1.0,True,accepted,0.0,False,0,-4.8997643232973,2.907462246495956
34.35531945044348,-4.78785184319354,2.9683224839701,-4.966251552656857,2.862260199879347,-0.1657141198593357,-0.37848626281582537,0.17618854349059704,0.17618854349059704,0.0,0.7306210994133927,0.7306210994133927,1.0,True,accepted,0.0,False,0,-4.920154701045388,2.8588254015744545
34.47762080358435,-4.856844350290266,3.1995640411327955,-4.940737681733357,2.9513967289273353,-0.08075261812648366,-0.12715916490120743,0.17825292896700903,0.17825292896700903,0.0,1.1786011686762397,1.1786011686762397,1.0,True,accepted,0.0,False,0,-4.948149636300357,2.804591086880406
34.56528997127631,-4.634159840696415,2.599610811765475,-4.844678230367103,2.8282378707612397,0.11151009402791812,-0.33596020362837387,0.1720302827625106,0.1720302827625106,0.0,1.5989966754092944,1.5989966754092944,1.0,True,accepted,0.0,False,0,-4.9738225802157805,2.764061780492098
34.66979376604422,-4.996905768986489,2.4920006915106736,-4.886752506166435,2.6944053992937658,0.01040002275386756,-0.5217482039673544,0.1717732738478395,0.1717732738478395,0.0,0.8777970974171532,0.8777970974171532,1.0,True,accepted,0.0,False,0,-5.011417032647223,2.7152723733820827
34.749546225922444,-5.131692596415676,2.472826921260489,-4.961491899721099,2.5974584908587564,-0.13347704689156237,-0.6271039714075267,0.166352207863273,0.166352207863273,0.0,0.7139978827357315,0.7139978827357315,1.0,True,accepted,0.0,False,0,-5.044849619204869,2.6783449671901267
34.85535451092365,-4.691590264934941,2.7254318025038122,-4.885788169493763,2.5925640113614636,0.039468698994545776,-0.5087766429249843,0.1687120132795494,0.1687120132795494,0.0,0.8997407242421107,0.8997407242421107,1.0,True,accepted,0.0,False,0,-5.094789112120066,2.6295568192151406
34.938919076128286,-5.273162270847521,2.9444434187270048,-5.001393249603349,2.670084638076797,-0.19114180521455384,-0.27596858978381056,0.1655052758776411,0.1655052758776411,0.0,2.381982058487285,2.381982058487285,1.0,True,accepted,0.0,False,0,-5.13816660249521,2.590368942967946
35.04216660670191,-5.89545654517513,1.9436693504301998,-5.215601628073527,2.4863554403043757,-0.5699632849134387,-0.5783583238385155,0.1786365540660454,0.1786365540660454,0.0,9.550923883875415,9.550923883875415,1.5940883583272725,True,downweighted,0.0,False,0,-5.194614322676889,2.5406185647758357
35.1457881324036,-5.0413616002537545,2.525870779213801,-5.193875741606184,2.460860727141937,-0.416020453925655,-0.5127392843851194,0.17653565133683358,0.17653565133683358,0.0,0.4671843911743763,0.4671843911743763,1.0,True,accepted,0.0,False,0,-5.25280137604686,2.489726690560937
35.24408739005266,-5.238225194277926,2.070270905088299,-5.235927750725512,2.296486152422181,-0.41820724935404174,-0.7280596861340302,0.1736449634146509,0.1736449634146509,0.0,0.855151494586974,0.855151494586974,1.0,True,accepted,0.0,False,0,-5.309349617198977,2.4399808977055755
35.34521897882832,-5.353761394212564,3.0271293755200506,-5.303130796496101,2.488064004998245,-0.46521501547063837,-0.227566703591066,0.17227114788245804,0.17227114788245804,0.0,4.859781911272193,4.859781911272193,1.0,True,accepted,0.0,False,0,-5.368379794777597,2.386151868893819
35.45841514832865,-5.136017721700714,2.4281575416352,-5.281857476407808,2.4508170325657384,-0.3259328235312852,-0.24920732943670038,0.17400238627157083,0.17400238627157083,0.0,0.3647275711994701,0.3647275711994701,1.0,True,accepted,0.0,False,0,-5.43421583863907,2.320426991669923
35.57337738415425,-5.551032692219391,2.2074854026097386,-5.398589446218331,2.348728862535811,-0.4745598309658675,-0.38691492435614017,0.17546311749987822,0.17546311749987822,0.0,0.7293817425955975,0.7293817425955975,1.0,True,accepted,0.0,False,0,-5.498801546068744,2.248250546454279
35.67298504493302,-6.0884676797556825,2.35719158333682,-5.659521346866495,2.325817093429658,-0.8752660163481281,-0.3576060080534078,0.1729863339303389,0.1729863339303389,0.0,3.0791023335475876,3.0791023335475876,1.0,True,accepted,0.0,False,0,-5.550036684764795,2.182713333045417
35.777964717009155,-5.227251450381779,1.7573676272643577,-5.5779569614341655,2.112591531347724,-0.5489092645231053,-0.6881674502143037,0.1725750192743901,0.1725750192743901,0.0,4.137947882063786,4.137947882063786,1.0,True,accepted,0.0,False,0,-5.596950335487824,2.1121495233374237
35.89952652879366,-5.714348802178545,1.8233280662680067,-5.668653938400444,1.9581905852773616,-0.5938822011319465,-0.8208992939455708,0.17597532502881927,0.17597532502881927,0.0,0.3434693782905719,0.3434693782905719,1.0,True,accepted,0.0,False,0,-5.641657503170827,2.0308555359460705
35.98051320821872,-5.8282139417387775,2.1459527597934094,-5.752242908076824,1.9726655995104345,-0.6607784173022867,-0.6683114617802727,0.16928669347737896,0.16928669347737896,0.0,0.5836136559004187,0.5836136559004187,1.0,True,accepted,0.0,False,0,-5.664716150534329,1.9772072438069366
36.06136838651372,-6.186055416210003,2.272793557952307,-5.920689953882444,2.0257202964804946,-0.8806055179758769,-0.46363750667350945,0.16496642828702174,0.16496642828702174,0.0,2.093840390819214,2.093840390819214,1.0,True,accepted,0.0,False,0,-5.681676525231909,1.9236833960051267
36.14075383710926,-5.355792951847151,1.9717730557916302,-5.805611424577697,1.9839191841961847,-0.5210566256098492,-0.47334614977987904,0.16194611206456058,0.16194611206456058,0.0,3.1750542787824534,3.1750542787824534,1.0,True,accepted,0.0,False,0,-5.692468655382,1.8712026927912528
36.248647001361284,-6.354182596198263,1.6907112984574593,-6.0136228871369966,1.8581971816510308,-0.818909771625715,-0.6198291185372803,0.16657467525798167,0.16657467525798167,0.0,2.3136671290409483,2.3136671290409483,1.0,True,accepted,0.0,False,0,-5.69936337967752,1.8015058801506998
36.3445774164008,-5.264223605591246,1.1040217903851892,-5.90044727866439,1.6378583820953694,-0.44302862979041996,-0.9352199411959898,0.1764476103039657,0.1764476103039657,0.0,8.950166481677591,8.950166481677591,1.4938194845862431,True,downweighted,0.0,False,0,-5.699348912603958,1.743182641975516
36.4582934872079,-5.765980680570269,1.5201940294827403,-5.886121703624547,1.52754811331024,-0.3195369269304634,-0.9427791271571624,0.17749463443750577,0.17749463443750577,0.0,0.2476756270599209,0.2476756270599209,1.0,True,accepted,0.0,False,0,-5.696077646226496,1.6803074528679538
36.566855057873326,-5.44574606170194,1.6099970555114063,-5.756378614981827,1.4891621615449713,-0.010636836752570267,-0.8226181548161969,0.17649750043302317,0.17649750043302317,0.0,1.887786518359921,1.887786518359921,1.0,True,accepted,0.0,False,0,-5.693496689933049,1.6260989614494485
36.65853694578974,-5.58662457847379,1.9291340123781655,-5.701273444300303,1.5830363131674994,0.09455858250696131,-0.5050581657944317,0.1719383509495412,0.1719383509495412,0.0,2.1994396199048483,2.1994396199048483,1.0,True,accepted,0.0,False,0,-5.694459277965025,1.583473120643582
36.77845527315782,-5.182966773625669,1.6279622320514004,-5.517178105084534,1.5584182986214217,0.41823888226175493,-0.4377055685007235,0.17512488533928922,0.17512488533928922,0.0,1.9641171315790869,1.9641171315790869,1.0,True,accepted,0.0,False,0,-5.702562472935737,1.5305329147084188
36.89158188051135,-5.644482794434591,1.1753952788947861,-5.529741759028498,1.3945409844627266,0.30646665556617714,-0.6511810996863303,0.1756742675579607,0.1756742675579607,0.0,1.0346946906434824,1.0346946906434824,1.0,True,accepted,0.0,False,0,-5.718326829198084,1.4838157874427038
36.98010862755686,-5.4177920204021515,1.338762801081186,-5.475166282701254,1.3374987153976892,0.35794016296016895,-0.650047021073922,0.1706496968095244,0.1706496968095244,0.0,0.05409781936844896,0.05409781936844896,1.0,True,accepted,0.0,False,0,-5.734955943687075,1.4500007728595408
37.07331822844546,-5.96099001044309,1.5026244285684363,-5.605585516697679,1.3481125256130722,0.047378610994173564,-0.5150305617339036,0.16849742812175855,0.16849742812175855,0.0,2.4377480023740876,2.4377480023740876,1.0,True,accepted,0.0,False,0,-5.754563461350901,1.4165431563297552
37.16404022745567,-6.278304474332257,1.5211252260741233,-5.810356488302868,1.3692448571126181,-0.35362482419480207,-0.3848781697808639,0.16671185174893813,0.16671185174893813,0.0,3.890918183597879,3.890918183597879,1.0,True,accepted,0.0,False,0,-5.773086169448339,1.3851384400279536
37.24692080988692,-5.533831606630128,1.4878770801014385,-5.74831866063981,1.3823066259421777,-0.17632694219027062,-0.29761221328239595,0.1639549664047245,0.1639549664047245,0.0,0.9054330121217884,0.9054330121217884,1.0,True,accepted,0.0,False,0,-5.787875093156687,1.3568533625802566
37.32930997851403,-6.314715343012033,1.3101190897417359,-5.924078085394919,1.343860246053648,-0.4931250041813083,-0.3249755349331624,0.16215441179465861,0.16215441179465861,0.0,2.4132116473538985,2.4132116473538985,1.0,True,accepted,0.0,False,0,-5.800134208773987,1.328988800923365
37.45111635168282,-5.6350519495674645,0.7049413516209442,-5.871968357804217,1.1116888219133045,-0.2731891364483632,-0.7025701409493652,0.1700592914176682,0.1700592914176682,0.0,3.6275946122917233,3.6275946122917233,1.0,True,accepted,0.0,False,0,-5.813242305437773,1.2887239647864066
37.54801155354276,-6.194799983282773,1.4677409155895438,-5.993208360130632,1.1792392851315494,-0.45745233735872626,-0.43886754723628796,0.16964638103075333,0.16964638103075333,0.0,2.023393662690831,2.023393662690831,1.0,True,accepted,0.0,False,0,-5.820467318909967,1.2574555383058643
37.64217754468163,-5.804876116314444,1.2659748925344592,-5.9631846284674745,1.1783666661763286,-0.3158876432063146,-0.36052538103845755,0.16861284369510388,0.16861284369510388,0.0,0.531702795234382,0.531702795234382,1.0,True,accepted,0.0,False,0,-5.825705877280362,1.2258893869821958
37.7536618301155,-5.3431083234313155,1.2083279985293955,-5.783707831197595,1.1611583577191718,0.0969729356752142,-0.3163254106179885,0.17171680665837036,0.17171680665837036,0.0,3.24478712856257,3.24478712856257,1.0,True,accepted,0.0,False,0,-5.832171199676242,1.1849363814589349
37.85631148337814,-5.716515755286855,1.811600811763641,-5.755013956625224,1.3522730502472666,0.13277660577375466,0.11085349823255647,0.17165648878019288,0.17165648878019288,0.0,3.509828014126231,3.509828014126231,1.0,True,accepted,0.0,False,0,-5.840659014635179,1.142167045673447
37.97811848272006,-5.992196877247983,0.6758954325534567,-5.8257440812877626,1.129141042292118,-0.03143930642638962,-0.33630114897284424,0.17570075140405336,0.17570075140405336,0.0,3.9428562340137043,3.9428562340137043,1.0,True,accepted,0.0,False,0,-5.853967973081052,1.0842140521912609
38.092133557415536,nan,nan,-5.829328636158341,1.0907976416718057,-0.03143930642638962,-0.33630114897284424,0.2180259155968895,0.2180259155968895,0.0,nan,nan,1.0,False,missing,0.11401507469547312,False,0,-5.868474895863878,1.0252107846741383
38.19110203562176,nan,nan,-5.83244013647122,1.0575144287389586,-0.03143930642638962,-0.33630114897284424,0.2611535038286398,0.2611535038286398,0.0,nan,nan,1.0,False,missing,0.21298355290169724,False,0,-5.8822683905908235,0.9709418088791272
38.2849200092958,nan,nan,-5.835389708493861,1.0259633363980742,-0.03143930642638962,-0.33630114897284424,0.30665422181481317,0.30665422181481317,0.0,nan,nan,1.0,False,missing,0.30680152657573956,False,0,-5.896189202666384,0.9170162895613352
38.40925158654202,nan,nan,-5.839298607049381,0.9841504841165656,-0.03143930642638962,-0.33630114897284424,0.3729266041481556,0.3729266041481556,0.0,nan,nan,1.0,False,missing,0.43113310382195635,False,0,-5.915617635371502,0.8420461263089577
38.520139598342205,nan,nan,-5.84278484923138,0.9468587183408491,-0.03143930642638962,-0.33630114897284424,0.4371009447410046,0.4371009447410046,0.0,nan,nan,1.0,False,missing,0.5420211156221413,False,0,-5.933600962888009,0.7720248346509551
38.6426993313424,nan,nan,-5.84663804223271,0.9056417393150786,-0.03143930642638962,-0.33630114897284424,0.5130091982531209,0.5130091982531209,0.0,nan,nan,1.0,False,missing,0.6645808486223359,False,0,-5.953854278976826,0.691425061195169
38.723623260203254,nan,nan,-5.849182234429394,0.8784269290597764,-0.03143930642638962,-0.33630114897284424,0.5657761323609248,0.5657761323609248,0.0,nan,nan,1.0,False,missing,0.7455047774831911,False,0,-5.967271233959063,0.636489116759495
38.841149944162794,nan,nan,-5.852877191859675,0.8389025702092149,-0.03143930642638962,-0.33630114897284424,0.6459102203692776,0.6459102203692776,0.0,nan,nan,1.0,False,missing,0.8630314614427306,False,0,-5.986569051531153,0.5544592004908975
38.94800363836235,nan,nan,-5.856236597894407,0.8029675500779108,-0.03143930642638962,-0.33630114897284424,0.7221696991527977,0.7221696991527977,0.0,nan,nan,1.0,False,missing,0.969885155642288,False,0,-6.003676748051574,0.4777524767623396
39.029099722279106,nan,nan,-5.8587862025266455,0.7756948438795079,-0.03143930642638962,-0.33630114897284424,0.7821049041925103,0.7821049041925103,0.0,nan,nan,1.0,False,missing,1.050981239559043,True,0,-6.016226759500821,0.41830067910511187
39.133512622277564,nan,nan,-5.862068871684565,0.7405806656424399,-0.03143930642638962,-0.33630114897284424,0.8617804821073685,0.8617804821073685,0.0,nan,nan,1.0,False,missing,1.155394139557501,True,0,-6.031644670911926,0.3403262135918675
39.24281744053284,nan,nan,-5.865505339359574,0.703821329674923,-0.03143930642638962,-0.33630114897284424,0.9480994088610656,0.9480994088610656,0.0,nan,nan,1.0,False,missing,1.2646989578127759,True,0,-6.046661747752385,0.25714673520602926
39.31843257482727,nan,nan,-5.86788262673713,0.67839187313197,-0.03143930642638962,-0.33630114897284424,1.0094959537554755,1.0094959537554755,0.0,nan,nan,1.0,False,missing,1.3403140921072065,True,0,-6.0562428035058975,0.198776661857486
39.41614847291936,nan,nan,-5.870954746799977,0.6455299043306867,-0.03143930642638962,-0.33630114897284424,1.090812912857745,1.090812912857745,0.0,nan,nan,1.0,False,missing,1.438029990199297,True,0,-6.067486136586652,0.12246261255556645
39.53241844847918,nan,nan,-5.874610194189791,0.6064281779588757,-0.03143930642638962,-0.33630114897284424,1.190387268226275,1.190387268226275,0.0,nan,nan,1.0,False,missing,1.5542999657591139,True,0,-6.078951776304604,0.030539883461446538
39.62218639974638,nan,nan,-5.87743243631695,0.5762391128067762,-0.03143930642638962,-0.33630114897284424,1.2692992033745634,1.2692992033745634,0.0,nan,nan,1.0,False,missing,1.6440679170263195,True,0,-6.0861944918977695,-0.04112171740275028
39.72011380383631,nan,nan,-5.880511205981675,0.5433060142954048,-0.03143930642638962,-0.33630114897284424,1.3573507964230827,1.3573507964230827,0.0,nan,nan,1.0,False,missing,1.7419953211162493,True,0,-6.0923093542824915,-0.11984471055717227
39.817229510189705,nan,nan,-5.883564456432534,0.5106458906654496,-0.03143930642638962,-0.33630114897284424,1.4466513537188177,1.4466513537188177,0.0,nan,nan,1.0,False,missing,1.8391110274696416,True,0,-6.096352543241857,-0.19834513392354836
39.90732587976183,nan,nan,-5.886397023803418,0.48034637806006264,-0.03143930642638962,-0.33630114897284424,1.5312196683056638,1.5312196683056638,0.0,nan,nan,1.0,False,missing,1.9292073970417647,True,0,-6.098143150191946,-0.2714346541351481
40.02824797453761,nan,nan,-5.890198730594794,0.43968013865076516,-0.03143930642638962,-0.33630114897284424,1.6472674495989863,1.6472674495989863,0.0,nan,nan,1.0,False,missing,2.0501294918175432,True,0,-6.097318028398356,-0.36973293785265093
40.14231267630918,nan,nan,-5.893784845706225,0.40132004838773966,-0.03143930642638962,-0.33630114897284424,1.7593457876212728,1.7593457876212728,0.0,nan,nan,1.0,False,missing,2.1641941935891182,True,0,-6.09285734727204,-0.4624515494945946
40.22284209685899,nan,nan,-5.89631663483523,0.37423791173072163,-0.03143930642638962,-0.33630114897284424,1.839966839157398,1.839966839157398,0.0,nan,nan,1.0,False,missing,2.244723614138927,True,0,-6.087390045244176,-0.5277843444560703
40.34769382975087,nan,nan,-5.900241886723483,0.3322501305079329,-0.03143930642638962,-0.33630114897284424,1.9673546733185363,1.9673546733185363,0.0,nan,nan,1.0,False,missing,2.3695753470308034,True,0,-6.074846768764466,-0.6286645004677069
40.46665383096625,nan,nan,-5.903981906654177,0.29224374541738807,-0.03143930642638962,-0.33630114897284424,2.0913845920198875,2.0913845920198875,0.0,nan,nan,1.0,False,missing,2.488535348246188,True,0,-6.057981062097647,-0.724084815591286
40.55584925285945,nan,nan,-5.906786148854909,0.26224722255158683,-0.03143930642638962,-0.33630114897284424,2.186046343151248,2.186046343151248,0.0,nan,nan,1.0,False,missing,2.5777307701393894,True,0,-6.041982799386444,-0.7950285358638942
40.6726940818425,nan,nan,-5.910459669237646,0.2229521723130523,-0.03143930642638962,-0.33630114897284424,2.312170850927341,2.312170850927341,0.0,nan,nan,1.0,False,missing,2.6945755991224374,True,0,-6.016416771614468,-0.8869884771227745
40.75301505843607,nan,nan,-5.912984905033238,0.1959401355980141,-0.03143930642638962,-0.33630114897284424,2.4002426465540148,2.4002426465540148,0.0,nan,nan,1.0,False,missing,2.7748965757160065,True,0,-5.995659226763737,-0.9494485086220121
40.87797029495978,nan,nan,-5.91691341100389,0.15391754598491666,-0.03143930642638962,-0.33630114897284424,2.5394397485220344,2.5394397485220344,0.0,nan,nan,1.0,False,missing,2.899851812239717,True,0,-5.957935077737298,-1.0451891620890765
40.986254531765105,nan,nan,-5.92031779230596,0.11750143273163834,-0.03143930642638962,-0.33630114897284424,2.662181576826543,2.662181576826543,0.0,nan,nan,1.0,False,missing,3.008136049045042,True,0,-5.919631104078316,-1.1265526895525775
41.09376078254304,-6.279816396295122,-0.916879927756618,-6.275734302378142,-0.9054375179646836,-0.17802465803250572,-0.7471906818164957,0.2982756340892774,0.2982756340892774,0.0,0.14306478874644188,1.0305297516391343,1.0,True,accepted,0.0,False,0,-5.876182577661003,-1.2056614110861936
41.17328281889225,-5.94136817278166,-1.3844829642744072,-6.108304428786523,-1.1834890229482504,-0.03746633534728264,-0.9164251665162947,0.21654472607650493,0.21654472607650493,0.0,1.5835964021753057,1.5835964021753057,1.0,True,accepted,0.0,False,0,-5.84061038844151,-1.262863128170647
41.293134488837076,-5.971526812916236,-1.5743445188229683,-6.054776844884332,-1.4087376230264084,0.052244306853248365,-1.0948839685554268,0.19225633315174756,0.19225633315174756,0.0,0.6477720523657329,0.6477720523657329,1.0,True,accepted,0.0,False,0,-5.7835857507631765,-1.345407517248605
41.3695844639973,-5.602150983447245,-1.3718199248479126,-5.893574737571958,-1.4501736799260962,0.3595596565569934,-1.012257513773882,0.17758799309210427,0.17758799309210427,0.0,1.5577012284279634,1.5577012284279634,1.0,True,accepted,0.0,False,0,-5.746896702790484,-1.3950543102977995
41.45662586689936,-5.599087239866427,-1.5057899936130996,-5.773548373631929,-1.5273279372975501,0.5583177818261875,-0.9877200066714185,0.17418891840538595,0.17418891840538595,0.0,0.5179599701073961,0.5179599701073961,1.0,True,accepted,0.0,False,0,-5.707006823120204,-1.4486240426086845
41.53877696065769,-5.625026926881946,-1.679699169425366,-5.693771443247428,-1.6319996078171475,0.6375016174576991,-1.0426630689805583,0.17242424099151327,0.17242424099151327,0.0,0.11616178061103208,0.11616178061103208,1.0,True,accepted,0.0,False,0,-5.672824621693184,-1.4963744023048087
41.652615357692305,-5.087487709180172,-2.0939443549927805,-5.429018484088466,-1.8742932798362164,1.0752974506648385,-1.3242257641398245,0.18002090477002697,0.18002090477002697,0.0,2.8630453602050645,2.8630453602050645,1.0,True,accepted,0.0,False,0,-5.633416353103614,-1.5586327364989008
41.73752556905295,-5.360584636037194,-1.264261131368589,-5.345613016732838,-1.7372229298171016,1.0579504731974483,-0.7762250773847327,0.17630115098638524,0.17630115098638524,0.0,3.800491809159384,3.800491809159384,1.0,True,accepted,0.0,False,0,-5.611320072646464,-1.6034238972896315
41.85805748040949,-5.968590315041852,-1.0771443599305957,-5.446266014167185,-1.6016570610584755,0.5852119188413294,-0.30150587389870737,0.19060410922884186,0.19060410922884186,0.0,7.955072415236921,7.955072415236921,1.3277342046656613,True,downweighted,0.0,False,0,-5.589679708747031,-1.6690043366092089
41.965870932375864,-5.390095030705125,-1.517118955949743,-5.385832676014526,-1.5891837174495755,0.5800138194860357,-0.2136202291123097,0.18597484059153452,0.18597484059153452,0.0,0.0940476744760858,0.0940476744760858,1.0,True,accepted,0.0,False,0,-5.577375720308534,-1.732606500901937
42.0426790679006,-5.662513519986958,-1.9174428310315894,-5.450873239013051,-1.71198201651957,0.3698714027893578,-0.4176269139425325,0.17522615335725372,0.17522615335725372,0.0,1.4673174475036013,1.4673174475036013,1.0,True,accepted,0.0,False,0,-5.571732617927704,-1.7810561600154642
42.11795055960704,-5.715810029651021,-1.7774430218244992,-5.514700734791041,-1.7540707891152434,0.19404336324413332,-0.4380610458404361,0.16786566372607586,0.16786566372607586,0.0,0.6630615951723804,0.6630615951723804,1.0,True,accepted,0.0,False,0,-5.567939614636391,-1.8306809296654991
42.195533455457756,-5.213665376739791,-1.8831877148021072,-5.414657274376101,-1.8163282303699848,0.35878201515869695,-0.4928609729150132,0.163543816246547,0.163543816246547,0.0,0.7093360873633215,0.7093360873633215,1.0,True,accepted,0.0,False,0,-5.5652195783441165,-1.8837767591171743
42.30082971434014,-5.880932527897039,-1.7475091074946274,-5.533098252520138,-1.8308117511253954,0.05367713083858888,-0.4197915681791379,0.1670130192978461,0.1670130192978461,0.0,2.0598118029224484,2.0598118029224484,1.0,True,accepted,0.0,False,0,-5.562502288054015,-1.9584376802553283
42.41590380488311,-5.301145903983227,-1.8595532496573175,-5.453002592514593,-1.8727131028213424,0.19698656659786548,-0.4073724172688255,0.1716565339145734,0.1716565339145734,0.0,0.3838111209825669,0.3838111209825669,1.0,True,accepted,0.0,False,0,-5.558348778265997,-2.0422442135206804
42.502831445914474,-5.330467540433353,-2.1823581482142047,-5.402712678128931,-1.9944088783881604,0.26107431279134824,-0.5740998329271284,0.16827750492886853,0.16827750492886853,0.0,0.6573042395588385,0.6573042395588385,1.0,True,accepted,0.0,False,0,-5.553288737547088,-2.105440096761451
42.62030188806063,-5.800267725114292,-2.4210662193403785,-5.5141034026824,-2.181015777355377,-0.011447385528709775,-0.802706088159393,0.1727908406877411,0.1727908406877411,0.0,2.319696047093326,2.319696047093326,1.0,True,accepted,0.0,False,0,-5.5410608104796015,-2.187346737085626
42.69816348506829,-5.990032664472929,-2.128036750411129,-5.661920761857434,-2.2077988746853854,-0.2935249980488923,-0.7341346361472229,0.16684242725494147,0.16684242725494147,0.0,1.8341828483575746,1.8341828483575746,1.0,True,accepted,0.0,False,0,-5.527317479481253,-2.2377078070099476
42.813211677750374,-5.490780996622,-2.3866151599286414,-5.628970834726704,-2.322982316424285,-0.16546928499754196,-0.793100977378923,0.17118537404420267,0.17118537404420267,0.0,0.3813387204345172,0.3813387204345172,1.0,True,accepted,0.0,False,0,-5.496774553555673,-2.3045337684732634
42.934601449258984,-6.315800665745706,-2.685506329219554,-5.8769945024192465,-2.5102785460949897,-0.5979474211180678,-0.9658017992355736,0.1754080929937099,0.1754080929937099,0.0,3.769172432357226,3.769172432357226,1.0,True,accepted,0.0,False,0,-5.451788818806673,-2.3627600172319467
43.048206869214205,-5.05753683416048,-2.56197957552438,-5.638894841271698,-2.599989993273389,-0.023747655840097415,-0.9282594024978896,0.17617584061774974,0.17617584061774974,0.0,5.756614480607819,5.756614480607819,1.0,True,accepted,0.0,False,0,-5.399854580805827,-2.40406616543047
43.15811290841314,-5.250481819141306,-2.8277372194453934,-5.507446550285674,-2.7451151679866657,0.2262963847296925,-1.0086562394291751,0.17565759870781367,0.17565759870781367,0.0,1.2318540143200707,1.2318540143200707,1.0,True,accepted,0.0,False,0,-5.3464622459861015,-2.4322688132810786
43.27501191934591,-4.88865999419086,-2.502888672420424,-5.275424969325947,-2.738041196789499,0.6080769077869446,-0.7765342544420342,0.1767322829276333,0.1767322829276333,0.0,3.4864530689085242,3.4864530689085242,1.0,True,accepted,0.0,False,0,-5.291801140726352,-2.4519388492410807
43.35201948432326,-5.207399057673041,-1.7932679684740807,-5.222967044538829,-2.5309857844475863,0.6186115219487112,-0.2773321020673651,0.1749214789180035,0.1749214789180035,0.0,7.668025187705946,7.668025187705946,1.279824845397312,True,downweighted,0.0,False,0,-5.2590945348814335,-2.461478539334825
43.43710858985921,-4.810379085984268,-2.616590259564398,-5.05547672306268,-2.574368787377408,0.834891312601089,-0.3145892999517984,0.16946157441222048,0.16946157441222048,0.0,1.0093456867646151,1.0093456867646151,1.0,True,accepted,0.0,False,0,-5.226776843339763,-2.4709630365520607
43.51835477382449,-5.414979009831003,-2.653402035552201,-5.117161765151837,-2.6161349356690433,0.5875153215908457,-0.3455444777676612,0.16515834867260865,0.16515834867260865,0.0,1.4362251534642623,1.4362251534642623,1.0,True,accepted,0.0,False,0,-5.199720699527774,-2.479794750207205
43.61858132333414,-5.048448907502748,-2.62435341197266,-5.055241843588672,-2.642610051077453,0.5933889134385651,-0.32975866066938697,0.16671845883223807,0.16671845883223807,0.0,0.006099977873370713,0.006099977873370713,1.0,True,accepted,0.0,False,0,-5.170460299492055,-2.4918325054852457
43.73084072975058,-5.279230629586932,-2.192345150698072,-5.0826866695599575,-2.521911091028597,0.4113961059700951,-0.024592169068695047,0.17067516998904186,0.17067516998904186,0.0,2.418979304583584,2.418979304583584,1.0,True,accepted,0.0,False,0,-5.141972360257388,-2.5099830901115765
43.8373413219794,-5.155384576894338,-1.978533070421609,-5.077158901663401,-2.3451137825999924,0.3378080538080418,0.32025574039002597,0.1719717624219469,0.1719717624219469,0.0,2.3251802584521695,2.3251802584521695,1.0,True,accepted,0.0,False,0,-5.117741874344573,-2.5355079446783573
43.9548978769675,-5.049287893022614,-2.170427459699664,-5.041481569160456,-2.260775032614732,0.3301421679181604,0.40897793493694745,0.17511170105784807,0.17511170105784807,0.0,0.1385944042558782,0.1385944042558782,1.0,True,accepted,0.0,False,0,-5.09315906483035,-2.5751254316003718
44.03765852658955,-4.937301933877741,-2.4423245300114176,-4.989684441898739,-2.295518843026681,0.3766345960436812,0.2786796138290777,0.1692916378153391,0.1692916378153391,0.0,0.39608251823613827,0.39608251823613827,1.0,True,accepted,0.0,False,0,-5.076844249530621,-2.6092197646828392
44.14938958118631,-5.217873372102292,-3.0196368318023707,-5.036311813777456,-2.5122740375589983,0.20787608142295247,-0.19290584908673297,0.17187233526336448,0.17187233526336448,0.0,4.802879307794963,4.802879307794963,1.0,True,accepted,0.0,False,0,-5.055300184535635,-2.6595597622532305
44.234041655729754,-4.8286372570413025,-2.490090322505705,-4.959369692219868,-2.5165794038361913,0.3212675335849381,-0.16993040772516022,0.16762855061332566,0.16762855061332566,0.0,0.28743859023414237,0.28743859023414237,1.0,True,accepted,0.0,False,0,-5.0384352308013645,-2.6977215758415087
44.32257959329564,-4.918424789825305,-3.1955533348750995,-4.9271092149053946,-2.7343060860329658,0.32862704996073994,-0.5608090957029657,0.16575532669034745,0.16575532669034745,0.0,3.4038202232185157,3.4038202232185157,1.0,True,accepted,0.0,False,0,-5.0196573249009875,-2.7352941882702346
44.43307482815971,-5.292812031222444,-3.2646734294818947,-5.019218652432603,-2.94590061617496,0.0802587132799781,-0.8501913671975788,0.16955815015927295,0.16955815015927295,0.0,2.8811321842471846,2.8811321842471846,1.0,True,accepted,0.0,False,0,-4.992917759502088,-2.7756602394763297
44.55708506740464,-5.362633637220404,-2.831497528093449,-5.129650040946323,-2.976440157580482,-0.1497263876137976,-0.7071141471723132,0.1751026118519163,0.1751026118519163,0.0,1.2688051097199644,1.2688051097199644,1.0,True,accepted,0.0,False,0,-4.9557012540553975,-2.8108169284737747
44.662662247703494,-4.449389468472111,-2.8900461691420216,-4.910313621497276,-2.996690052957852,0.2949565228325729,-0.6042279948080242,0.17436623506525314,0.17436623506525314,0.0,3.7556619602345713,3.7556619602345713,1.0,True,accepted,0.0,False,0,-4.917344465987039,-2.833811901610842
44.74038726345306,-5.431079878201276,-2.958025560031696,-5.057153530502993,-3.0169166706712254,-0.02722957297018802,-0.5534856570957102,0.16763684665519119,0.16763684665519119,0.0,2.3149267587384683,2.3149267587384683,1.0,True,accepted,0.0,False,0,-4.885868503829906,-2.8478533790451532
44.84620271194944,-4.754915129596716,-2.290490530272556,-4.962671243867651,-2.82499285254344,0.15887922489446155,-0.07467623671941481,0.16946672086107206,0.16946672086107206,0.0,5.366347999311191,5.366347999311191,1.0,True,accepted,0.0,False,0,-4.838878677324204,-2.8649031528311375
44.923320239528444,-5.108572549073176,-3.0487854189141745,-4.997941932422429,-2.896267911098839,0.0672788367011927,-0.2009583035206787,0.1644499750535179,0.1644499750535179,0.0,0.563895538704041,0.563895538704041,1.0,True,accepted,0.0,False,0,-4.802666999369383,-2.8770970750924483
45.04252752509679,-4.105336648325096,-2.813612148932242,-4.703791263299464,-2.8857387468085594,0.6202853964513247,-0.1343091696347754,0.1706214150235732,0.1706214150235732,0.0,5.96748434358688,5.96748434358688,1.0,True,accepted,0.0,False,0,-4.745991026550197,-2.895832711434696
45.15300643935182,-4.396894705499383,-2.92785290701984,-4.5561895137549335,-2.9096252249834342,0.7718456456207119,-0.15165180660751398,0.17278741117654564,0.17278741117654564,0.0,0.4274219558734797,0.4274219558734797,1.0,True,accepted,0.0,False,0,-4.696061500149583,-2.913249229640511
45.236662831672945,-10.122242778567763,-6.5277318675769775,-4.491619691613535,-2.9223118680131996,0.7718456456207119,-0.15165180660751398,0.2029775023971231,0.2029775023971231,0.0,340.7242013285446,340.7242013285446,1.0,False,rejected,0.08365639232112443,False,0,-4.660189974492044,-2.926429944382112
45.31624888196416,-4.731610063033931,-2.7151250550560126,-4.545334159122916,-2.8506248367304132,0.558875255611533,0.00326592962927294,0.1854190415789257,0.1854190415789257,0.0,0.9539574616548169,0.9539574616548169,1.0,True,accepted,0.0,False,0,-4.62674193520478,-2.9389128100630044
45.400425543408176,-4.860220536641031,-2.8866597772046703,-4.622354854163952,-2.862796451382039,0.3309763986292389,-0.01959749741972037,0.17564392531967232,0.17564392531967232,0.0,0.9661927821514414,0.9661927821514414,1.0,True,accepted,0.0,False,0,-4.591090133437507,-2.9518941332587705
45.52442690238588,-4.334292575820475,-3.1776012690424937,-4.494410204046506,-2.975121537035585,0.49063235382802417,-0.22149341219259155,0.17793944590263966,0.17793944590263966,0.0,1.142243591641031,1.142243591641031,1.0,True,accepted,0.0,False,0,-4.536865679428374,-2.9690718358036308
45.622354934508806,-4.346329506069972,-3.183559693848129,-4.412767698491876,-3.0595300851694,0.5526700440698061,-0.33730797853656647,0.17385618236973363,0.17385618236973363,0.0,0.3312036674250186,0.3312036674250186,1.0,True,accepted,0.0,False,0,-4.492498487273043,-2.9793715590191705
45.736558981925874,-4.603844159006391,-3.105554270660024,-4.436007649356378,-3.100600757964594,0.39212774508504783,-0.3420462105090546,0.17485899447200634,0.17485899447200634,0.0,0.47444590937493863,0.47444590937493863,1.0,True,accepted,0.0,False,0,-4.43793010786937,-2.987002257655914
45.843379399031264,-4.559309542156197,-2.903090648945923,-4.449713302909719,-3.0583716770904763,0.288312560249911,-0.19495604802672342,0.1740364362993541,0.1740364362993541,0.0,0.6049696114611427,0.6049696114611427,1.0,True,accepted,0.0,False,0,-4.382319794392208,-2.9905808058648655
45.9470000565292,-4.519878046113135,-2.7848991398231266,-4.453067626109327,-2.981025764301952,0.22594043863032942,-0.011858356467022352,0.17290052686541482,0.17290052686541482,0.0,0.7142333213425544,0.7142333213425544,1.0,True,accepted,0.0,False,0,-4.323208893449493,-2.9920429229253394
46.02925656926245,-4.486556649446796,-3.165919114979172,-4.450734739274161,-3.0394014822700264,0.1951240514916528,-0.12069722995658529,0.1675970128870866,0.1675970128870866,0.0,0.27926948773276267,0.27926948773276267,1.0,True,accepted,0.0,False,0,-4.2727736192781425,-2.9923466185334444
46.151557791940355,-4.25520470550204,-2.5926684491620673,-4.36971769261985,-2.9005166552419928,0.3040353565748922,0.172091830355021,0.17310076579110842,0.17310076579110842,0.0,1.7969804416317707,1.7969804416317707,1.0,True,accepted,0.0,False,0,-4.193792437108865,-2.9915072737736983
46.24162492356609,-3.9208307422651867,-3.0478004266845535,-4.207516637877369,-2.937083019277345,0.5614293439559939,0.07268688786845255,0.16966560470484757,0.16966560470484757,0.0,1.5429116066240127,1.5429116066240127,1.0,True,accepted,0.0,False,0,-4.134816227693116,-2.990100268272991
46.34552578435647,-3.8144549462864825,-3.6078628065124434,-4.041055737220766,-3.148653387334353,0.7684331493564895,-0.3468089879124211,0.17050757626649599,0.17050757626649599,0.0,4.303847108835301,4.303847108835301,1.0,True,accepted,0.0,False,0,-4.068615442052668,-2.9865204403660037
46.45551458158592,-3.9172203759710222,-2.3653573105774135,-3.9435461280363366,-2.9153847540363573,0.7932383354965733,0.17144906919090108,0.17244433481978338,0.17244433481978338,0.0,5.031669156471753,5.031669156471753,1.0,True,accepted,0.0,False,0,-4.002497772774396,-2.9796237323929486
46.56297623934819,-3.8055026835929877,-2.9314038708515544,-3.8407273776657345,-2.9084258711521422,0.8266425391089963,0.1496586235739662,0.17308595246732317,0.17308595246732317,0.0,0.029459204340423113,0.029459204340423113,1.0,True,accepted,0.0,False,0,-3.9422840017075513,-2.971122070143157
46.685005959832964,-3.6129113520479494,-2.666142634036059,-3.6958718775838553,-2.8125479978852157,0.9094088925209154,0.2957213203501019,0.176583642263145,0.176583642263145,0.0,0.4814321254204314,0.4814321254204314,1.0,True,accepted,0.0,False,0,-3.87864589446639,-2.9581940174691463
46.767427909328966,-4.3302985077506415,-3.426646054223291,-3.8281430844936457,-2.974686148509001,0.5188799425508286,-0.05577030800347549,0.17362629476450045,0.17362629476450045,0.0,6.869994081240048,6.869994081240048,1.1466301815231679,True,downweighted,0.0,False,0,-3.8375921408842757,-2.9460840007456666
46.86784554625131,-3.6110798974907716,-3.1191791857588833,-3.7217683345538974,-3.0259810874158615,0.621269358935797,-0.1419807483233511,0.17207351856294906,0.17207351856294906,0.0,0.3467059360931526,0.3467059360931526,1.0,True,accepted,0.0,False,0,-3.7880814357818973,-2.9255187332973933
46.96304726578835,-3.2261307605809435,-2.9813736611613795,-3.5225369742662664,-3.0208437969578097,0.8869351273394961,-0.1066040811982511,0.16995337429156301,0.16995337429156301,0.0,1.4630334733403347,1.4630334733403347,1.0,True,accepted,0.0,False,0,-3.741146985919139,-2.8993538757731985
47.06175570226248,-4.143165000555258,-3.2470803383694644,-3.6608674100070733,-3.100170171420963,0.45590448304637393,-0.23789808961543893,0.1694291050558087,0.1694291050558087,0.0,4.147134828407922,4.147134828407922,1.0,True,accepted,0.0,False,0,-3.6911675037338973,-2.865560963548847
47.14271657857237,-4.340638878627134,-2.919189287767283,-3.8414370298059146,-3.058666562929397,0.037160825887743665,-0.12090087810707173,0.16525999922116916,0.16525999922116916,0.0,4.285533788149747,4.285533788149747,1.0,True,accepted,0.0,False,0,-3.647086834192337,-2.833426456977078
47.22442130906601,-10.351920056008753,-7.372626224776419,-3.8384008145418353,-3.06854473659158,0.037160825887743665,-0.12090087810707173,0.19376146263977942,0.19376146263977942,0.0,477.88439443127874,477.88439443127874,1.0,False,rejected,0.08170473049364091,False,0,-3.598994792337145,-2.798420632649685
47.31332508635507,-3.0918015413239486,-2.448531968654302,-3.5780480108885038,-2.8611611945929716,0.5209742365167865,0.28966365165781843,0.18591167310463547,0.18591167310463547,0.0,6.6534867645804106,6.6534867645804106,1.1104942226174037,True,downweighted,0.0,False,0,-3.5436912756710934,-2.7594808844806096
47.403560316543114,-8.46437673780026,4.692690094929241,-3.531037780734372,-2.835023328308519,0.5209742365167865,0.28966365165781843,0.2201876149959569,0.2201876149959569,0.0,584.942158475331,584.942158475331,1.0,False,rejected,0.09023523018804269,False,0,-3.48580843074168,-2.7212256225234235
47.49995547722718,-8.548835893918339,-0.6845526751193172,-3.4808183854930763,-2.8071011540626296,0.5209742365167865,0.28966365165781843,0.26215720622173,0.26215720622173,0.0,190.20158816653588,190.20158816653588,1.0,False,rejected,0.18663039087211075,False,0,-3.4224497364157305,-2.683468918110293
47.60550485457901,-3.1476249725614838,-2.4327697949670326,-3.280597367783912,-2.5970740991423007,0.7576588780866633,0.5821176251089347,0.21675582921840605,0.21675582921840605,0.0,1.0386046264729667,1.0386046264729667,1.0,True,accepted,0.0,False,0,-3.3514253868664614,-2.647687815887013
47.712236310449924,-3.5249513653505335,-2.0916784727564934,-3.337946758897264,-2.3465602658935425,0.5344571479400577,0.886335036059583,0.19557388765705097,0.19557388765705097,0.0,1.9310879469978777,1.9310879469978777,1.0,True,accepted,0.0,False,0,-3.2778004176711946,-2.6192824147294598
47.8078268552792,-3.4047278178424727,-2.4385633766882004,-3.3302391602152777,-2.326878926678314,0.4622961012428909,0.7781404857852812,0.18200002628186654,0.18200002628186654,0.0,0.31686439834776287,0.31686439834776287,1.0,True,accepted,0.0,False,0,-3.2097380494356615,-2.600864306970594
47.903266010750635,-3.5641840177836404,-2.9100854916960412,-3.3800881716693385,-2.4748010843104105,0.2987740879631292,0.39150176390563163,0.17439831708619563,0.17439831708619563,0.0,3.748643869040924,3.748643869040924,1.0,True,accepted,0.0,False,0,-3.140059729349121,-2.587369265456866
47.989147437085485,-2.5497067639259376,-2.67900856910103,-3.101053186894064,-2.516061867879778,0.7590694716950392,0.2554645806720675,0.16833748995804132,0.16833748995804132,0.0,5.360382111958824,5.360382111958824,1.0,True,accepted,0.0,False,0,-3.07706193586707,-2.577393367305322
48.093562749505935,-2.6873329158133195,-2.491365641003217,-2.915612193515773,-2.4900154744516785,0.9593553115856623,0.2542799823831263,0.16903416990186992,0.16903416990186992,0.0,0.8483707541555856,0.8483707541555856,1.0,True,accepted,0.0,False,0,-3.0027674943763407,-2.566489816011906
48.184414795071795,-2.913596972595685,-2.1186740667671367,-2.854871555437623,-2.3588609466955153,0.9084939876777477,0.4623027311290093,0.16710904657425452,0.16710904657425452,0.0,0.984918869435425,0.984918869435425,1.0,True,accepted,0.0,False,0,-2.9410428925630887,-2.55726334763524
48.261217786785664,-2.9044847705598107,-3.031843438863351,-2.8203295720015316,-2.532439195346085,0.839544176410961,0.05313218758259136,0.1629730086604028,0.1629730086604028,0.0,4.042993549182834,4.042993549182834,1.0,True,accepted,0.0,False,0,-2.890684085287814,-2.548772092428834
48.357137788993505,-3.0133966482913213,-2.2933480005247966,-2.8223031306957562,-2.4567818791720906,0.6760884611196614,0.19292866981420467,0.1647404230511149,0.1647404230511149,0.0,1.0058346911192815,1.0058346911192815,1.0,True,accepted,0.0,False,0,-2.829435689340328,-2.5352992300907324
48.455844422748015,-2.5905520297009215,-2.887415853103712,-2.7045839016574034,-2.5766742703904693,0.7771517671403109,-0.08247303260697811,0.16675456842705133,0.16675456842705133,0.0,1.7616733509199702,1.7616733509199702,1.0,True,accepted,0.0,False,0,-2.7676663543898523,-2.5167035840751417
48.54212406615822,-2.8709352931813825,-2.554508817121923,-2.7083552306112817,-2.574904969599714,0.6369394779202642,-0.06488298383356755,0.16525577590444318,0.16525577590444318,0.0,0.4282669234197434,0.4282669234197434,1.0,True,accepted,0.0,False,0,-2.714557116258561,-2.4951322260705107
48.64574696281433,-2.6961550586252985,-2.7466142464759433,-2.6592572672784245,-2.633464357610257,0.6036602269606722,-0.16693634286016756,0.16815650314111913,0.16815650314111913,0.0,0.2294809836760133,0.2294809836760133,1.0,True,accepted,0.0,False,0,-2.6513521436416054,-2.4620751713464166
48.749035557835924,-2.7077256816652504,-2.5049835259285422,-2.6324474818904755,-2.6039713949745784,0.5343644058897871,-0.07581506628706745,0.1698949075703368,0.1698949075703368,0.0,0.25296840346456256,0.25296840346456256,1.0,True,accepted,0.0,False,0,-2.588885275957461,-2.4216180580609112
48.85913566689144,-2.21559046898331,-1.9915494650912755,-2.455421127087216,-2.4073867156449364,0.7619817308012158,0.3188457469628393,0.1723697269235954,0.1723697269235954,0.0,3.8222660383830815,3.8222660383830815,1.0,True,accepted,0.0,False,0,-2.5232676999864885,-2.372001226195861
48.9665330910015,-2.4199894823426695,-2.299559281034434,-2.3890429514609215,-2.3486329425522827,0.7325308830086814,0.3655476193474081,0.17314323547574845,0.17314323547574845,0.0,0.05607851376857213,0.05607851376857213,1.0,True,accepted,0.0,False,0,-2.4608541240505066,-2.31919068715602
49.074154743827556,-2.262921221573073,-2.3730180251469593,-2.29439159167942,-2.3306059451842676,0.7624439811747289,0.3252342481648308,0.17349783484278727,0.17349783484278727,0.0,0.04656491666120655,0.04656491666120655,1.0,True,accepted,0.0,False,0,-2.3991815299447117,-2.26226028862208
49.16496545141876,-2.5884456120021575,-2.363523883283668,-2.3417195091011145,-2.3211097790662465,0.5417317850222944,0.2872921334895142,0.1699335837387308,0.1699335837387308,0.0,1.0253613156494559,1.0253613156494559,1.0,True,accepted,0.0,False,0,-2.346801956269211,-2.211042720217059
49.27933706251806,-2.358261656243273,-2.370420476975187,-2.30580618946529,-2.3155140792427664,0.49239821587307975,0.2356535010333147,0.17280234885470808,0.17280234885470808,0.0,0.09588212504009255,0.09588212504009255,1.0,True,accepted,0.0,False,0,-2.2786903357631383,-2.1430165941516166
49.38179428169804,-2.0502517499126505,-1.7473484787371834,-2.1878833114121132,-2.112403455540674,0.6201018939358516,0.5743756860105416,0.17206751143679677,0.17206751143679677,0.0,2.520294714239875,2.520294714239875,1.0,True,accepted,0.0,False,0,-2.215000672350293,-2.0803222230194898
49.47836519145704,-2.5097215472592516,-1.9056868988347355,-2.2509993524650938,-2.0081996148382872,0.3866195240982693,0.6668877021908279,0.17029422441373565,0.17029422441373565,0.0,1.2696096232259697,1.2696096232259697,1.0,True,accepted,0.0,False,0,-2.1524154105142688,-2.021760182793807
49.58466581550409,-2.0274029766962083,-1.7512044904869504,-2.1503785489314837,-1.8766099902219422,0.49986681636762537,0.782372696670077,0.17133011093519868,0.17133011093519868,0.0,0.5086820935746812,0.5086820935746812,1.0,True,accepted,0.0,False,0,-2.0802040284649896,-1.9588943105160073
49.6776986822266,4.384698179055687,-9.448383736300435,-2.103874506025349,-1.8038236154053044,0.49986681636762537,0.782372696670077,0.20476968504194232,0.20476968504194232,0.0,762.0738229699276,762.0738229699276,1.0,False,rejected,0.09303286672250977,False,0,-2.0147899652539576,-1.9052445046366728
49.77833564445694,-2.2078402262628245,-1.733228490394322,-2.1159424692952964,-1.7283792742096182,0.38640592407354596,0.7763856474384206,0.19075584381147104,0.19075584381147104,0.0,0.1579623921680413,0.1579623921680413,1.0,True,accepted,0.0,False,0,-1.9424928530291812,-1.8478010691156561
49.89017092888105,-1.4436382345083572,-2.3401374393763876,-1.8382013740151522,-1.9019872623394294,0.8054076696146111,0.31109715339132116,0.18501791272616763,0.18501791272616763,0.0,6.112765627945039,6.112765627945039,1.0202456477683088,True,downweighted,0.0,False,0,-1.8615380927000698,-1.7832216971787385
50.009491073217234,-1.5662125358589691,-1.2470614438929042,-1.6772450345429568,-1.6370636586307588,0.921025947002141,0.7172069390825176,0.1821694126426686,0.1821694126426686,0.0,2.894164471121789,2.894164471121789,1.0,True,accepted,0.0,False,0,-1.7768905119816545,-1.711824110095053
50.130543933081995,-1.631950768988648,-1.3645657822247574,-1.5897972878084337,-1.482800544557908,0.8779309053717294,0.8380826499906012,0.18080485257545628,0.18080485257545628,0.0,0.27493427883833754,0.27493427883833754,1.0,True,accepted,0.0,False,0,-1.6930100523762373,-1.637431173976819
50.23072557934115,-1.7272857458719757,-1.5029498779676416,-1.5792109688134244,-1.4345681779161363,0.7375631629129609,0.7732600984906453,0.17574401366146225,0.17574401366146225,0.0,0.4500148485009173,0.4500148485009173,1.0,True,accepted,0.0,False,0,-1.623784059237128,-1.573080789383218
50.331739335078176,-1.9321604891810318,-2.1065788862679784,-1.6467992518324754,-1.6058102083501031,0.4753473735372399,0.313108413577382,0.17296653183535876,0.17296653183535876,0.0,5.529062014997402,5.529062014997402,1.0,True,accepted,0.0,False,0,-1.5526386050786838,-1.5028708777208977
50.44673285561637,-1.0825662428832246,-1.6250701021527245,-1.4197284756988247,-1.5885033081674307,0.7972935379938049,0.27819187214945357,0.17450131071928657,0.17450131071928657,0.0,1.9314335522791868,1.9314335522791868,1.0,True,accepted,0.0,False,0,-1.4691385770785812,-1.413204253169588
50.537455390203576,-1.4383682844795858,-1.6866389346689474,-1.3767532282914954,-1.6030784472880677,0.7419461133014145,0.20313135823132092,0.1704214687574717,0.1704214687574717,0.0,0.1768271822651485,0.1768271822651485,1.0,True,accepted,0.0,False,0,-1.4018787135154687,-1.3349647365340456
50.654324508320826,-1.6424339152807996,-1.246143132763907,-1.4081255481402075,-1.4676880646400252,0.5181347787113145,0.41475106042110554,0.1736609613399717,0.1736609613399717,0.0,1.7376222847317249,1.7376222847317249,1.0,True,accepted,0.0,False,0,-1.3127203281297088,-1.2264052729719848
50.7540315906467,-1.367939776455079,-1.0144066092646948,-1.360239228349711,-1.2908172049550344,0.510969492085535,0.6719484855164839,0.17207111005150966,0.17207111005150966,0.0,1.2661065540856604,1.2661065540856604,1.0,True,accepted,0.0,False,0,-1.2337894760637567,-1.1302653574800205
50.83482442686346,-0.9561578578987786,-0.9774305467572064,-1.206674496965789,-1.1563406957018332,0.7257331101178193,0.8253250876980464,0.1668950961156303,0.1668950961156303,0.0,1.5249153096892982,1.5249153096892982,1.0,True,accepted,0.0,False,0,-1.168416346817582,-1.0523789364515634
50.91342738421711,-0.9646423332789152,-0.547321634106044,-1.0949600878426526,-0.9306552869950686,0.8317429314199307,1.1371562129187918,0.16308848376125767,0.16308848376125767,0.0,2.5855182471414055,2.5855182471414055,1.0,True,accepted,0.0,False,0,-1.1043714094225616,-0.9781568678942734
51.03052704476908,-1.273356259588358,-0.9574576558337372,-1.0854813352632873,-0.8484881267194457,0.660376866736547,1.0377620045548943,0.169382562859975,0.169382562859975,0.0,0.7693964067058365,0.7693964067058365,1.0,True,accepted,0.0,False,0,-1.0087403429830293,-0.8723359100819319
51.10830544061442,-0.5579410482515208,-0.5082799841040624,-0.8903820754719826,-0.6894436486851008,0.9411525287553655,1.1907706397458921,0.16482384084337445,0.16482384084337445,0.0,2.2812388143447775,2.2812388143447775,1.0,True,accepted,0.0,False,0,-0.9451200174414536,-0.8053931489465305
51.197336012421104,-1.2608466536739993,-0.9199187551742232,-0.9428891794516188,-0.6843917419657984,0.6734051775554821,0.9924367774053262,0.16432983351183764,0.16432983351183764,0.0,2.485406383367964,2.485406383367964,1.0,True,accepted,0.0,False,0,-0.8725844347211912,-0.732070943460413
51.28904251444618,-0.3614448207439019,-0.6101181489662056,-0.7245245487341098,-0.5984232541709524,0.9820122031817489,0.9824964628695817,0.1646864856317675,0.1646864856317675,0.0,2.0987133951655252,2.0987133951655252,1.0,True,accepted,0.0,False,0,-0.7980592724671492,-0.6596643423847328
51.37269223670576,-0.6505332729011563,-0.7694478136117153,-0.6447908316066577,-0.5911200181488464,0.9772458878663323,0.8344816275253437,0.16314372536527247,0.16314372536527247,0.0,0.5022358252950426,0.5022358252950426,1.0,True,accepted,0.0,False,0,-0.7306112919649773,-0.5961289820012148
51.46338690519586,-0.75936923579939,-0.5540389329326831,-0.6166950964420297,-0.5269363480660092,0.8573213803546613,0.8117005954681739,0.16373953634225247,0.16373953634225247,0.0,0.3337659810635353,0.3337659810635353,1.0,True,accepted,0.0,False,0,-0.6575039495865177,-0.5297886024949544
51.57552153353212,-0.6396151043110601,-0.574180464345025,-0.5583642641335949,-0.4798205884772957,0.7830404413853067,0.7254351468257036,0.16905144425985993,0.16905144425985993,0.0,0.25244348702148484,0.25244348702148484,1.0,True,accepted,0.0,False,0,-0.5656209571297622,-0.4518715478200922
51.651255675710125,-0.486013491171976,-0.7111732662387114,-0.49515106389753893,-0.5106791857808433,0.7907078869783017,0.5571981872086667,0.16423155234240083,0.16423155234240083,0.0,0.639102832292493,0.639102832292493,1.0,True,accepted,0.0,False,0,-0.5019306435874437,-0.40228120106202764
51.767614346936156,-0.2664317970952024,0.4492784099846608,-0.36010395244355276,-0.1640337244270768,0.8745177630036156,1.1059377113363513,0.17096666798744703,0.17096666798744703,0.0,6.180713614733727,6.180713614733727,1.03158644537371,True,downweighted,0.0,False,0,-0.40069158274806727,-0.3326430813727038
51.885441748114886,-0.8745052722503702,-0.24365236998665174,-0.4665404680430363,-0.1049459022168165,0.47391846275612143,0.969735486646012,0.17474009070554916,0.17474009070554916,0.0,3.1223737215240184,3.1223737215240184,1.0,True,accepted,0.0,False,0,-0.29281463054189366,-0.27317181509066635
51.979054826774465,-0.5021539683270486,-0.1005900098639472,-0.4483160942227779,-0.04241327363386303,0.4242874679933769,0.9161046674655081,0.17151117871406873,0.17151117871406873,0.0,0.1037082081391517,0.1037082081391517,1.0,True,accepted,0.0,False,0,-0.20230395881443075,-0.23336545428266386
52.061735471727495,-0.20064926983628154,0.014077260010586484,-0.34743122682256433,0.027371049949892298,0.5497733407365385,0.9047396273280889,0.16690958141297893,0.16690958141297893,0.0,0.3495534471903726,0.3495534471903726,1.0,True,accepted,0.0,False,0,-0.11976060013775228,-0.20269523448672405
52.16677749212475,0.2136323658943785,-0.08125595066759991,-0.13017590401805157,0.05786371009241187,0.8556905293591083,0.7809523329949174,0.16888464445838436,0.16888464445838436,0.0,2.2375233129355867,2.2375233129355867,1.0,True,accepted,0.0,False,0,-0.014399668580009073,-0.1677767777767994
52.247761119917996,0.25889428506097434,-0.7840034640445112,0.024377451069356793,-0.12020848020152308,1.0202928109504534,0.3150490245213291,0.1691354912435382,0.1691354912435382,0.0,7.142906788449286,7.142906788449286,1.1921804313933722,True,downweighted,0.0,False,0,0.06471214981976658,-0.14180750150608984
52.34100708797191,0.46354896124865624,0.09893195227630275,0.22735850533070298,-0.03134699747980039,1.228675389679803,0.4299895855140165,0.1679641928095388,0.1679641928095388,0.0,1.1775506727466556,1.1775506727466556,1.0,True,accepted,0.0,False,0,0.15142826926834602,-0.11057604404898913
52.463928547016955,0.3982677708881616,-0.29105379893599737,0.3850608844691465,-0.0833959155268022,1.241458338226916,0.2289974701278923,0.17379972540897617,0.17379972540897617,0.0,0.7240938535476407,0.7240938535476407,1.0,True,accepted,0.0,False,0,0.2566660947868926,-0.06537047305856056
52.58870177064614,-1.6716438167391652,-9.170656092246855,0.5399616433310485,-0.054823162976017345,1.241458338226916,0.2289974701278923,0.2206973890621899,0.2206973890621899,0.0,634.3543915312705,634.3543915312705,1.0,False,rejected,0.12477322362918386,False,0,0.35279570095924784,-0.012059202530478264
52.70230701521387,0.24136846329219785,0.33119234342638487,0.48308785551273303,0.13325508972447517,0.8942730334968904,0.513297811580115,0.201285153641638,0.201285153641638,0.0,1.9724932306186296,1.9724932306186296,1.0,True,accepted,0.0,False,0,0.43198645200958213,0.04442446759727872
52.79285509070991,0.6369581275117068,-0.21838301724641312,0.5919046396945323,0.027674802513386165,0.9425284770101283,0.24975263899342703,0.1854050424292233,0.1854050424292233,0.0,1.1249312522309611,1.1249312522309611,1.0,True,accepted,0.0,False,0,0.4900625889746393,0.09574333859414769
52.902238343168214,0.6823698617951731,0.39188254238966097,0.6904624305344439,0.17605117665912412,0.9345569439728243,0.4623559443022024,0.17983487283436006,0.17983487283436006,0.0,0.809038129506537,0.809038129506537,1.0,True,accepted,0.0,False,0,0.5543436043685335,0.1670280361360244
53.01250866144242,0.4082796440041419,0.026640825927429113,0.6595673684077938,0.1573570263571641,0.6944529755531267,0.3374573702297642,0.17689970267534816,0.17689970267534816,0.0,1.3666672695495654,1.3666672695495654,1.0,True,accepted,0.0,False,0,0.6133194711158365,0.25039799741207414
53.1069007462006,0.6880512300575935,-0.18925244982818057,0.7129190444828153,0.06465376249695733,0.6721113492365203,0.10934413043174951,0.17210480050821855,0.17210480050821855,0.0,1.0779536281979012,1.0779536281979012,1.0,True,accepted,0.0,False,0,0.6601216869703295,0.3323349749976515
53.21394517792991,0.8083709375964441,0.16299990719712493,0.7926016180008186,0.10487558920579945,0.686567091486963,0.16262671845149257,0.17211209671742816,0.17211209671742816,0.0,0.060073905314244,0.060073905314244,1.0,True,accepted,0.0,False,0,0.7094718464758522,0.4373150926735382
53.28948156017869,0.683964963355544,0.6280254154635753,0.7955719370903334,0.272778879591574,0.5936817201877878,0.45828213569833587,0.16557673594250796,0.16557673594250796,0.0,2.2155096280171676,2.2155096280171676,1.0,True,accepted,0.0,False,0,0.7420975112321678,0.5177827074398953
53.374934443108806,1.079896504319974,0.67003688181989,0.9158223558759642,0.4185120673120995,0.7284833905449967,0.6649323938498062,0.16365982953950908,0.16365982953950908,0.0,1.4266297868032844,1.4266297868032844,1.0,True,accepted,0.0,False,0,0.7771933606424453,0.6130740099375289
53.47618885825717,0.5931009147939209,0.642182545105689,0.8678448687394821,0.5338443147461879,0.4896347605822305,0.7591162240027517,0.16623583874695816,0.16623583874695816,0.0,1.398549010530794,1.398549010530794,1.0,True,accepted,0.0,False,0,0.8170102113446136,0.7291121021522158
53.559376423470084,1.2425248557338127,1.0126486273015127,1.0084442813079748,0.7212958053212764,0.6866350049643485,1.0043163106494584,0.16405688639300534,0.16405688639300534,0.0,2.2141465286200654,2.2141465286200654,1.0,True,accepted,0.0,False,0,0.8494905547392013,0.8248558294530798
53.64267176686391,0.804279490932949,0.8381562434647636,0.9887890785177593,0.8147143034915088,0.5341261930577091,1.0236925526155543,0.16267521221540365,0.16267521221540365,0.0,0.5444612553971713,0.5444612553971713,1.0,True,accepted,0.0,False,0,0.8827405693693929,0.9191213205471517
53.759486981391426,0.5328346693447468,1.1054170116839659,0.8857740397820759,0.9889028661086795,0.20801043161625693,1.1313515515419204,0.16946891440933273,0.16946891440933273,0.0,2.254260741526125,2.254260741526125,1.0,True,accepted,0.0,False,0,0.9335497754848476,1.045674063015203
53.883943631525604,0.5632758472128111,1.2985607406193616,0.7924099192563276,1.1875055552236322,-0.021800053527656127,1.2427345763619602,0.1755190177429538,0.1755190177429538,0.0,1.0953253876431361,1.0953253876431361,1.0,True,accepted,0.0,False,0,0.9967382290800482,1.1687935188328524
53.986742102927025,1.2025026864853157,1.8578923346206762,0.9291321820019636,1.4981338926726555,0.24207967151315746,1.590003053338914,0.1741593590011522,0.1741593590011522,0.0,3.421529095050731,3.421529095050731,1.0,True,accepted,0.0,False,0,1.056616596926617,1.2580493874955185
54.10369558947111,0.9163651553489751,1.1884172110522038,0.9432882207643205,1.5132793096523032,0.21551104569078064,1.2694177333382197,0.17610897286810379,0.17610897286810379,0.0,1.8014596969309102,1.8014596969309102,1.0,True,accepted,0.0,False,0,1.1312100388104571,1.3439285922218729
54.22821167268742,1.8734455906987846,1.657990185679196,1.2907957707195326,1.6666023546648052,0.809879336876775,1.260632353187302,0.1787437821631767,0.1787437821631767,0.0,5.849287160549353,5.849287160549353,1.0,True,accepted,0.0,False,0,1.2156160304466481,1.4185866710716812
54.31029146711586,1.1826484036808753,1.4207629230520387,1.3004739885281318,1.6564597615687013,0.7042963185947388,1.0494253929809645,0.1710930968244966,0.1710930968244966,0.0,1.1434072831365056,1.1434072831365056,1.0,True,accepted,0.0,False,0,1.2724454242629286,1.4592076104101925
54.40770374777858,1.4602397763953299,1.500375899174421,1.398198131032194,1.6761795253566685,0.7590804916169727,0.8941868234953927,0.1695492207794622,0.1695492207794622,0.0,0.5674178523458844,0.5674178523458844,1.0,True,accepted,0.0,False,0,1.341394076252506,1.4999986517499753
54.502332383570675,1.316026074552739,1.4486909303296576,1.421653579968195,1.6627571306806281,0.6670083256677816,0.7075920663314755,0.1681391245118443,0.1681391245118443,0.0,0.9230878725431547,0.9230878725431547,1.0,True,accepted,0.0,False,0,1.4107513258308146,1.5334167094926883
54.581334847752984,1.1011573414719504,1.5652824000526946,1.3629102930546504,1.6728590227771465,0.45216529991657717,0.619294734872675,0.16393555701399173,0.16393555701399173,0.0,1.2687076197237175,1.2687076197237175,1.0,True,accepted,0.0,False,0,1.471239700249115,1.557696208396488
54.69410135639272,1.7937562488047922,1.5258759372305766,1.5342498070375863,1.6739998221503978,0.6858963636858423,0.48588319812553166,0.16886321816733965,0.16886321816733965,0.0,1.4521260226178496,1.4521260226178496,1.0,True,accepted,0.0,False,0,1.5622265838384,1.5880962491151793
54.790790307758854,1.2410244500736256,1.94920148966711,1.4869198274055893,1.7931183020351322,0.46541809976962667,0.6258327596382283,0.1686658907406324,0.1686658907406324,0.0,1.3781314959431095,1.3781314959431095,1.0,True,accepted,0.0,False,0,1.6439226440314088,1.6114373407616442
54.889256654468376,1.9026758735850935,1.4935389198989442,1.6500107763959,1.7402446197562527,0.6925507115792898,0.40405733208496075,0.16890519449503547,0.16890519449503547,0.0,2.0286522445361475,2.0286522445361475,1.0,True,accepted,0.0,False,0,1.7301718705019975,1.6339818208065577
54.97179030315904,1.7657572169215334,1.3096108455478452,1.7249934497512216,1.6324372613942049,0.7271766993275551,0.12983872335800434,0.16547021354941333,0.16547021354941333,0.0,1.6908214877135632,1.6908214877135632,1.0,True,accepted,0.0,False,0,1.8037618452314543,1.653622781850607
55.05583663577058,1.5997845064371383,1.6471151362636278,1.7307327218500064,1.6444688355767445,0.618821974656823,0.13202843767689865,0.1635501228862339,0.1635501228862339,0.0,0.27121059149323906,0.27121059149323906,1.0,True,accepted,0.0,False,0,1.879086576763827,1.6755310248323707
55.176191816878394,2.357892365921313,1.6849841753581114,1.9838477112386272,1.6683183979819503,0.966891464307085,0.14753687645105085,0.17055681419361335,0.17055681419361335,0.0,2.301531654192151,2.301531654192151,1.0,True,accepted,0.0,False,0,1.985657000361144,1.7107566934554332
55.253424271327106,2.233805900864475,1.7583966696780802,2.111840075874637,1.7036467725223232,1.0706696711686963,0.19412243558743586,0.16545668628682395,0.16545668628682395,0.0,0.28540478818305104,0.28540478818305104,1.0,True,accepted,0.0,False,0,2.051475234403227,1.7357790731230551
55.34006688557429,2.1746743699670645,1.9249895263307206,2.1956450213207295,1.7816951505930747,1.053140543980206,0.3139005624247576,0.16414536242676955,0.16414536242676955,0.0,0.33260826179629877,0.33260826179629877,1.0,True,accepted,0.0,False,0,2.122130602741155,1.766065620807989
55.429669852090015,2.422516939736749,1.8552099280183656,2.3296110315936183,1.823386449705081,1.13097767968154,0.3405624663818606,0.16400495437626336,0.16400495437626336,0.0,0.15283484257161517,0.15283484257161517,1.0,True,accepted,0.0,False,0,2.1917352451296837,1.7999564820797433
55.52917972921009,1.7555264288289927,1.653554633629561,2.2313426320126553,1.794728332350225,0.7166562085661232,0.21763412946229427,0.16622945940546632,0.16622945940546632,0.0,3.9496535624043068,3.9496535624043068,1.0,True,accepted,0.0,False,0,2.265508040148565,1.8413675812985428
55.63350198786083,2.1372903771678646,1.747178635366656,2.252656255841325,1.7951889875319202,0.6122832038123933,0.17419854198710333,0.16880576341036088,0.16880576341036088,0.0,0.25387168215288514,0.25387168215288514,1.0,True,accepted,0.0,False,0,2.3399833518863242,1.890056747006539
55.73316648665337,2.4860438080511655,2.0322814472244026,2.3686049999554917,1.88257005340453,0.718781174599084,0.3099625190233355,0.1693501262364231,0.1693501262364231,0.0,0.5904282348114518,0.5904282348114518,1.0,True,accepted,0.0,False,0,2.4075904718878762,1.9418250875884364
55.81237225338121,3.127673968989572,1.6896405055987356,2.637985187560423,1.841316947590149,1.1311842292839893,0.1822245957275634,0.16502020602757247,0.16502020602757247,0.0,4.186838155529051,4.186838155529051,1.0,True,accepted,0.0,False,0,2.4575703562953226,1.9863477670325973
55.899555626084,-6.541376515211958,0.7823278599824139,2.7366056438176063,1.8572039024350802,1.1311842292839893,0.1822245957275634,0.19572660274296574,0.19572660274296574,0.0,679.89289438026,679.89289438026,1.0,False,rejected,0.08718337270278909,False,0,2.50797590059755,2.038485351267582
56.01673504532213,-3.1158572602047054,8.357560708551029,2.8691571548564325,1.8785568747333385,1.1311842292839893,0.1822245957275634,0.2446888779381156,0.2446888779381156,0.0,519.0933088281446,519.0933088281446,1.0,False,rejected,0.2043627919409161,False,0,2.569795093203015,2.111967580754368
56.12361448034605,1.921084188944274,2.4271638663224206,2.5403329890446904,2.1206419969847805,0.3664668918902694,0.5607519142057189,0.22508693279492417,0.22508693279492417,0.0,8.016990383503858,8.016990383503858,1.33806856745461,True,downweighted,0.0,False,0,2.6227090641667496,2.1801913365990764
56.231071932852764,3.2589596498291864,2.2671892344364144,2.883020469613487,2.219430630253964,0.8637916399911876,0.6239311119181278,0.20046992066793218,0.20046992066793218,0.0,2.883074292595005,2.883074292595005,1.0,True,accepted,0.0,False,0,2.6744855203737243,2.2478910869735724
56.33958209562033,10.533908337337326,5.278280598066507,2.976750641066193,2.2871334967639485,0.8637916399911876,0.6239311119181278,0.23999522045081068,0.23999522045081068,0.0,447.5516272583001,447.5516272583001,1.0,False,rejected,0.10851016276756553,False,0,2.7254396250302526,2.314208795918546
56.45272724657231,2.7806129822472974,2.321014146256924,2.9332301710809117,2.3400810087211013,0.6387753011361219,0.5958192352813504,0.20799043878672002,0.20799043878672002,0.0,0.5061096068311799,0.5061096068311799,1.0,True,accepted,0.0,False,0,2.7796024505797443,2.380261878228426
56.53063267065838,2.1964152862670616,2.718299431709337,2.682541685444387,2.5132377981066236,0.15097701562780708,0.8015861170310702,0.18541208622485236,0.18541208622485236,0.0,5.004626883004186,5.004626883004186,1.0,True,accepted,0.0,False,0,2.8192271967222164,2.4234003279931753
56.62396308990501,2.9039597796985763,2.2578120520756206,2.767764840816505,2.4747480262975143,0.2723650837742169,0.6082350348366234,0.175722233007594,0.175722233007594,0.0,1.1097495811203533,1.1097495811203533,1.0,True,accepted,0.0,False,0,2.8704865445768153,2.4721096179921345
56.7259394616681,3.0396865801532713,2.4239575008576915,2.8760435079955093,2.499574168296968,0.41700036787653605,0.5414015414675517,0.17226774891329247,0.17226774891329247,0.0,0.5387081589622988,0.5387081589622988,1.0,True,accepted,0.0,False,0,2.930620530335125,2.5218303444649988
56.817862285832966,2.900302469476819,2.813368340571762,2.909923136211647,2.6328712355353834,0.4087003052732484,0.6971222740120753,0.1687400121155446,0.1687400121155446,0.0,0.5310166909627337,0.5310166909627337,1.0,True,accepted,0.0,False,0,2.9877564236013616,2.5631561160708465
56.93508622949732,7.833729956649073,9.39792013396977,2.9578325977726037,2.714590657711343,0.4087003052732484,0.6971222740120753,0.21097356809650433,0.21097356809650433,0.0,508.8197612017059,508.8197612017059,1.0,False,rejected,0.11722394366435651,False,0,3.0639406861509664,2.610186022859665
57.03421485492669,2.772489252729096,2.50389253674398,2.90409890813285,2.666936952279786,0.23744861765635708,0.48496738893652314,0.1937935716098177,0.1937935716098177,0.0,0.8371699266392734,0.8371699266392734,1.0,True,accepted,0.0,False,0,3.1304195413944664,2.645149731139122
57.14764623439966,3.837537006663884,3.0753506089854534,3.2652903606839696,2.8522586364851445,0.8340040135204422,0.7175361962925257,0.18909272779528352,0.18909272779528352,0.0,6.455485546303524,6.455485546303524,1.0774470074131577,True,downweighted,0.0,False,0,3.2072084694047587,2.679990388891774
57.26524701024372,3.360685401892407,2.4885503398790663,3.362357237823212,2.767611990964455,0.8322051236517797,0.41726679328476324,0.18425500408475165,0.18425500408475165,0.0,1.3894392555106732,1.3894392555106732,1.0,True,accepted,0.0,False,0,3.2847033846310163,2.7103132202511375
57.3654865843889,3.2324054966586986,2.8195606992778934,3.3708848666912634,2.812991424487604,0.6977052704994121,0.4236472851544455,0.17773435491190354,0.17773435491190354,0.0,0.3290451476579623,0.3290451476579623,1.0,True,accepted,0.0,False,0,3.348981768290086,2.7327790125573834
57.485964196582465,3.473647099935056,2.8004665311510935,3.461539794470977,2.841611986155991,0.7097207525968265,0.38281388258868937,0.1781660866777733,0.1781660866777733,0.0,0.0315762945202962,0.0315762945202962,1.0,True,accepted,0.0,False,0,3.425038113934899,2.75666636069235
57.59032039360931,3.5142311049189443,2.7876207877476036,3.5283075761547886,2.8494923384067463,0.696282686752548,0.32374837123183575,0.1752814051305684,0.1752814051305684,0.0,0.06792304952059078,0.06792304952059078,1.0,True,accepted,0.0,False,0,3.4902792015979207,2.7756195035978166
57.707834108551,3.1590185440666128,2.7220953948353177,3.454019327518422,2.8302846863586066,0.4065113973708389,0.21747695684720794,0.17648017852323747,0.17648017852323747,0.0,1.6775262958475012,1.6775262958475012,1.0,True,accepted,0.0,False,0,3.5636964498461654,2.7965715179431756
57.79986364833057,3.9188576501784516,2.484620272889704,3.6317299666328724,2.7302678754903242,0.6691475376182934,-0.007217288623643486,0.17187722466563063,0.17187722466563063,0.0,2.361714456180984,2.361714456180984,1.0,True,accepted,0.0,False,0,3.621450936894706,2.813772449625451
57.89980449625715,3.6445023657248914,2.6672199847007234,3.681072920402583,2.7093493948986924,0.6359654112347729,-0.045443217269591864,0.17077721580284183,0.17077721580284183,0.0,0.051159453926793524,0.051159453926793524,1.0,True,accepted,0.0,False,0,3.683548085939276,2.8337381308805614
58.001375048307374,3.792055062655586,2.8131585714380236,3.7606689767903494,2.7397964640505323,0.6645679108075219,0.0214125115465593,0.17060032808140024,0.17060032808140024,0.0,0.10455751660705292,0.10455751660705292,1.0,True,accepted,0.0,False,0,3.7457145629034603,2.854406986421985
58.08162403410218,4.246730170206337,3.093610073026849,3.946305759881729,2.849166784270851,0.9191731966998831,0.2285746171522367,0.1658831150181574,0.1658831150181574,0.0,2.400778559513222,2.400778559513222,1.0,True,accepted,0.0,False,0,3.7940632079579957,2.869705945748511
58.17655165943725,3.4625834430594176,3.1556552731111047,3.8584146163896476,2.9582237009226233,0.5786260854155112,0.3984317585679974,0.16615447992976776,0.16615447992976776,0.0,3.1359690893638232,3.1359690893638232,1.0,True,accepted,0.0,False,0,3.850734819799115,2.885107449566467
58.297418543064836,3.689992593149757,2.795076962216437,3.849707178811655,2.93666321031322,0.42639581057526216,0.2634803177083609,0.17232130119590633,0.17232130119590633,0.0,0.7554122487307688,0.7554122487307688,1.0,True,accepted,0.0,False,0,3.924336564200481,2.899423941622818
58.40396015508308,4.074260186015483,2.8308238573463425,3.954738070361854,2.9201771136813286,0.5406039092114084,0.1780997548128686,0.1730512052461364,0.1730512052461364,0.0,0.3708297101078577,0.3708297101078577,1.0,True,accepted,0.0,False,0,3.9911863668820757,2.907388842819979
58.48783548420492,4.29295930630169,2.7526335819395618,4.092290706421074,2.8776629817847934,0.7172566010813942,0.06803380498968274,0.16833147343305813,0.16833147343305813,0.0,0.9065219722671563,0.9065219722671563,1.0,True,accepted,0.0,False,0,4.044639350074917,2.910570600692899
58.579778265985404,3.888265161878682,2.793962645240796,4.074563910788743,2.8560379723207694,0.5560484447127887,0.014318741989599072,0.1670149756775997,0.1670149756775997,0.0,0.6208831897362554,0.6208831897362554,1.0,True,accepted,0.0,False,0,4.103842979846116,2.9104921334111244
58.66435841646854,3.948754714766583,3.3247612969257756,4.0695716605576155,2.997965138444324,0.4550376655168119,0.2875414624476876,0.16458741787067205,0.16458741787067205,0.0,1.9295909865567584,1.9295909865567584,1.0,True,accepted,0.0,False,0,4.159222755223943,2.906243397513976
58.74059957305847,4.3468318864472115,3.5106522235686017,4.174292657831021,3.161569599690763,0.5924829857399634,0.5656218352883327,0.16119142473931142,0.16119142473931142,0.0,2.368553585686428,2.368553585686428,1.0,True,accepted,0.0,False,0,4.209796027835342,2.898163087978466
58.861972595983666,4.9010420034967535,2.690625957050773,4.454670061309642,3.058442196985967,1.0014745615378042,0.22860749957976684,0.16926685307730335,0.16926685307730335,0.0,5.453033563625631,5.453033563625631,1.0,True,accepted,0.0,False,0,4.290416127895959,2.8779028387548746
58.95938296239651,4.2914328390694525,2.646883084018504,4.469223932918505,2.9426396924312486,0.8399287822273969,-0.04012492541337892,0.16924434213190165,0.16924434213190165,0.0,1.9408201321684608,1.9408201321684608,1.0,True,accepted,0.0,False,0,4.3549675448971,2.858415073781521
59.04975971601755,4.082483608662065,2.8091614380286676,4.400887915017432,2.8985278488320425,0.559966322548772,-0.11870187830559122,0.16751232773024283,0.16751232773024283,0.0,1.7657140547909387,1.7657140547909387,1.0,True,accepted,0.0,False,0,4.4164365109546235,2.840129649510834
59.154683575595435,4.050757109316573,2.6790431494940994,4.329011845283067,2.819931518567974,0.30734838895434546,-0.2466095976093038,0.16956731877860295,0.16956731877860295,0.0,1.5882467826340188,1.5882467826340188,1.0,True,accepted,0.0,False,0,4.491787456104608,2.820291416928024
59.23004929841009,4.361641740003604,2.625852603693844,4.355013817550408,2.748724950857462,0.3128545132723076,-0.3486853873458745,0.16427424655511141,0.16427424655511141,0.0,0.24028866285504968,0.24028866285504968,1.0,True,accepted,0.0,False,0,4.548877430208144,2.8077187407123745
59.318950403740125,4.700774507549304,2.709871207024037,4.477611007679554,2.7153846947168057,0.49817494094487175,-0.3532639223562488,0.1637989786280993,0.1637989786280993,0.0,0.7888622663673935,0.7888622663673935,1.0,True,accepted,0.0,False,0,4.618388563983788,2.795023928559723
59.42910207702507,5.343842326343982,2.840870885428258,4.78814562896454,2.7282744249550666,0.9975754536682091,-0.2520743159462806,0.16840176089848077,0.16840176089848077,0.0,5.215320658619862,5.215320658619862,1.0,True,accepted,0.0,False,0,4.70502879518525,2.7820236622516195
59.53579056567853,4.573001383909652,2.5770700169564043,4.790500247827546,2.661148616934881,0.79602842676767,-0.3299864095837848,0.1706688934761732,0.1706688934761732,0.0,0.8932654049098376,0.8932654049098376,1.0,True,accepted,0.0,False,0,4.787177219674288,2.7713046568249124
59.65988086305566,5.12093374140282,3.286732236720896,4.968855606099775,2.8491621376277245,0.9475173148547688,0.10588826523187184,0.1758296842756611,0.1758296842756611,0.0,3.6320430860107136,3.6320430860107136,1.0,True,accepted,0.0,False,0,4.8809018740276935,2.759675049515283
59.76589874853856,4.746677161254691,2.532131297903253,4.959721812249472,2.7488900983124265,0.7412416768523304,-0.10398351346930226,0.17484291648957145,0.17484291648957145,0.0,1.554307109376631,1.554307109376631,1.0,True,accepted,0.0,False,0,4.959721812249472,2.7488900983124265
